City_ID,City,Country,Date,Lat,Lng,Max Temp,Humidity,Cloudiness,Wind Speed
0,Pemangkat,ID,2022-05-31 16:52:19,1.1667,108.9667,81.75,73,4,1.57
1,Ust-Omchug,RU,2022-05-31 16:52:19,61.15,149.6333,37.6,98,100,5.84
2,Bluff,NZ,2022-05-31 16:50:29,-46.6,168.3333,50.81,82,100,8.48
3,San-Pedro,CI,2022-05-31 16:52:19,4.7485,-6.6363,81.23,74,28,7.9
4,Avarua,CK,2022-05-31 16:50:18,-21.2078,-159.775,71.65,83,33,2.3
5,Nome,US,2022-05-31 16:52:20,64.5011,-165.4064,52.16,66,0,0.0
6,Hermanus,ZA,2022-05-31 16:52:20,-34.4187,19.2345,52.81,69,53,13.2
7,Puerto Ayora,EC,2022-05-31 16:50:34,-0.7393,-90.3518,80.56,81,98,13.2
8,Busselton,AU,2022-05-31 16:52:21,-33.65,115.3333,52.02,78,51,3.8
9,Punta Arenas,CL,2022-05-31 16:50:22,-53.15,-70.9167,42.91,70,0,9.22
10,Belozerskoye,RU,2022-05-31 16:52:21,55.8214,65.5842,51.1,75,75,11.88
11,Pasni,PK,2022-05-31 16:52:21,25.2631,63.471,83.23,79,1,11.45
12,Port Alfred,ZA,2022-05-31 16:52:22,-33.5906,26.891,58.17,65,48,5.01
13,Atuona,PF,2022-05-31 16:50:01,-9.8,-139.0333,77.43,71,14,12.59
14,Airai,TL,2022-05-31 16:52:22,-8.9266,125.4092,60.12,94,100,1.01
15,Ilulissat,GL,2022-05-31 16:52:23,69.2167,-51.1,34.74,64,1,10.02
16,Alofi,NU,2022-05-31 16:50:43,-19.0595,-169.9187,75.09,88,10,8.05
17,Broome,US,2022-05-31 16:52:23,42.2506,-75.833,88.47,49,75,13.8
18,Huarmey,PE,2022-05-31 16:52:24,-10.0681,-78.1522,67.73,71,81,8.84
19,Yulara,AU,2022-05-31 16:52:24,-25.2406,130.9889,55.18,46,100,8.79
20,Carutapera,BR,2022-05-31 16:52:24,-1.195,-46.02,84.51,68,89,9.84
21,Vaini,TO,2022-05-31 16:52:25,-21.2,-175.2,75.36,88,20,5.75
22,Mataura,NZ,2022-05-31 16:50:34,-46.1927,168.8643,50.49,89,100,3.24
23,Novikovo,RU,2022-05-31 16:52:25,51.1537,37.8879,66.13,88,49,2.1
24,Ushuaia,AR,2022-05-31 16:49:26,-54.8,-68.3,42.46,75,75,19.57
25,Albany,US,2022-05-31 16:50:22,42.6001,-73.9662,89.02,48,86,1.01
26,Narsaq,GL,2022-05-31 16:52:26,60.9167,-46.05,47.16,57,100,5.64
27,Meulaboh,ID,2022-05-31 16:52:26,4.1363,96.1285,77.13,84,57,2.82
28,Bredasdorp,ZA,2022-05-31 16:52:26,-34.5322,20.0403,53.64,70,66,8.86
29,Hilo,US,2022-05-31 16:52:27,19.7297,-155.09,78.28,95,75,4.61
30,Tyrma,RU,2022-05-31 16:52:27,50.0833,132.1667,46.62,98,100,1.86
31,Faya,SA,2022-05-31 16:52:27,18.3851,42.4509,77.11,37,44,6.64
32,Jamestown,US,2022-05-31 16:48:46,42.097,-79.2353,83.52,36,40,11.5
33,Barrow,US,2022-05-31 16:52:28,71.2906,-156.7887,28.42,86,40,16.11
34,Yellowknife,CA,2022-05-31 16:50:31,62.456,-114.3525,52.32,40,40,8.05
35,Salalah,OM,2022-05-31 16:52:28,17.0151,54.0924,82.22,76,4,2.68
36,Mar Del Plata,AR,2022-05-31 16:46:30,-38.0023,-57.5575,53.1,59,40,14.97
37,Jumla,NP,2022-05-31 16:52:29,29.2747,82.1838,56.35,63,42,4.21
38,Dogondoutchi,NE,2022-05-31 16:52:29,13.6393,4.0287,104.99,14,9,1.63
39,Longyearbyen,SJ,2022-05-31 16:52:29,78.2186,15.6401,46.24,71,0,2.3
40,Sao Gabriel Da Cachoeira,BR,2022-05-31 16:52:30,-0.1303,-67.0892,82.2,78,40,4.61
41,Saldanha,ZA,2022-05-31 16:52:30,-33.0117,17.9442,60.85,69,73,4.88
42,Iralaya,HN,2022-05-31 16:52:30,15.0,-83.2333,80.92,82,100,8.48
43,Tuktoyaktuk,CA,2022-05-31 16:52:31,69.4541,-133.0374,32.0,80,100,5.75
44,Wajima,JP,2022-05-31 16:52:31,37.4,136.9,60.13,77,17,5.86
45,Butaritari,KI,2022-05-31 16:52:32,3.0707,172.7902,80.2,81,59,11.12
46,Yayva,RU,2022-05-31 16:53:32,59.3303,57.2641,54.18,73,15,4.81
47,Jiuquan,CN,2022-05-31 16:53:32,39.7432,98.5174,69.17,15,23,10.49
48,Khatanga,RU,2022-05-31 16:53:33,71.9667,102.5,34.38,84,92,7.56
49,Pong,TH,2022-05-31 16:53:33,19.1493,100.2752,73.9,98,97,1.14
50,Tura,IN,2022-05-31 16:53:33,25.5198,90.2201,74.26,91,19,4.03
51,Victoria,HK,2022-05-31 16:51:41,22.2855,114.1577,82.96,87,93,4.0
52,Port Macquarie,AU,2022-05-31 16:53:34,-31.4333,152.9167,52.86,57,17,10.92
53,Valparaiso,CL,2022-05-31 16:52:17,-33.0393,-71.6273,55.04,57,0,4.61
54,Rikitea,PF,2022-05-31 16:53:34,-23.1203,-134.9692,75.45,77,81,9.17
55,Rawson,AR,2022-05-31 16:53:34,-43.3002,-65.1023,48.33,58,97,15.59
56,Murgab,TM,2022-05-31 16:53:35,37.4966,61.9714,80.47,29,0,6.91
57,Chegdomyn,RU,2022-05-31 16:53:35,51.1167,133.0167,46.96,98,100,2.06
58,Strezhevoy,RU,2022-05-31 16:53:35,60.7333,77.5889,47.88,53,79,8.55
59,Portland,US,2022-05-31 16:51:29,45.5234,-122.6762,63.77,73,75,3.0
60,Yuzhno-Kurilsk,RU,2022-05-31 16:53:36,44.0306,145.8556,44.11,98,100,10.83
61,Saint George,US,2022-05-31 16:49:11,37.1041,-113.5841,74.62,20,0,6.91
62,Nyurba,RU,2022-05-31 16:53:36,63.2842,118.3319,39.09,95,15,4.5
63,Okha,RU,2022-05-31 16:53:37,53.5739,142.9478,34.45,97,100,14.29
64,Caruaru,BR,2022-05-31 16:50:12,-8.2833,-35.9761,75.97,82,70,10.27
65,Nehe,CN,2022-05-31 16:53:37,48.4833,124.8333,49.15,82,58,3.11
66,Atambua,ID,2022-05-31 16:49:18,-9.1061,124.8925,73.11,88,100,2.68
67,Kushmurun,KZ,2022-05-31 16:53:37,52.4503,64.6311,53.53,77,39,9.24
68,Vestmannaeyjar,IS,2022-05-31 16:53:38,63.4427,-20.2734,49.19,93,100,20.71
69,Praia Da Vitoria,PT,2022-05-31 16:53:38,38.7333,-27.0667,63.75,82,40,23.13
70,Leh,IN,2022-05-31 16:53:38,34.1667,77.5833,52.7,31,8,6.51
71,Tiksi,RU,2022-05-31 16:53:39,71.6872,128.8694,29.77,98,100,6.91
72,Ancud,CL,2022-05-31 16:53:39,-41.8697,-73.8203,45.68,71,4,3.36
73,Haines Junction,CA,2022-05-31 16:53:39,60.7522,-137.5108,49.95,53,13,1.14
74,Qaanaaq,GL,2022-05-31 16:53:40,77.484,-69.3632,25.16,61,10,3.42
75,Nuuk,GL,2022-05-31 16:53:08,64.1835,-51.7216,43.68,53,22,12.77
76,New Norfolk,AU,2022-05-31 16:53:40,-42.7826,147.0587,47.7,83,100,3.27
77,Napanee,CA,2022-05-31 16:51:55,44.2501,-76.9494,87.58,60,96,7.85
78,Anamur,TR,2022-05-31 16:53:41,36.0751,32.8369,77.25,64,0,12.33
79,Kapaa,US,2022-05-31 16:53:41,22.0752,-159.319,71.11,96,15,8.37
80,Hobart,AU,2022-05-31 16:53:41,-42.8794,147.3294,48.06,91,75,11.5
81,Ocampo,MX,2022-05-31 16:53:42,21.65,-101.5,75.96,20,8,5.59
82,Freeport,US,2022-05-31 16:53:42,40.6576,-73.5832,94.98,44,58,3.0
83,Galle,LK,2022-05-31 16:53:42,6.0367,80.217,78.26,87,100,18.43
84,Beidao,CN,2022-05-31 16:53:43,34.5686,105.8933,59.77,92,68,3.69
85,Torrington,US,2022-05-31 16:53:43,41.8007,-73.1212,90.86,50,33,7.0
86,Boguchany,RU,2022-05-31 16:53:43,58.3814,97.4531,44.29,74,17,4.05
87,Nueva Concepcion,GT,2022-05-31 16:53:43,14.2,-91.3,81.97,73,100,2.75
88,Cape Town,ZA,2022-05-31 16:51:31,-33.9258,18.4232,58.91,78,20,4.61
89,Kaitangata,NZ,2022-05-31 16:53:44,-46.2817,169.8464,52.02,82,100,7.02
90,Aklavik,CA,2022-05-31 16:53:44,68.2191,-135.0107,33.8,93,100,11.5
91,Siuri,IN,2022-05-31 16:53:45,23.9167,87.5333,79.02,54,48,12.12
92,Mineral Wells,US,2022-05-31 16:53:45,32.8085,-98.1128,88.27,43,20,19.53
93,Kitimat,CA,2022-05-31 16:53:45,54.0524,-128.6534,61.92,61,59,0.89
94,Hauge,NO,2022-05-31 16:53:45,58.3436,6.2812,52.7,76,99,9.98
95,Emilio Carranza,MX,2022-05-31 16:54:46,19.9711,-96.6114,87.93,56,97,9.1
96,Roebourne,AU,2022-05-31 16:54:46,-20.7833,117.1333,60.87,81,98,15.97
97,Tuatapere,NZ,2022-05-31 16:54:46,-46.1333,167.6833,50.38,91,93,6.71
98,Mayumba,GA,2022-05-31 16:54:47,-3.432,10.6554,74.57,91,41,5.93
99,Homer,US,2022-05-31 16:54:47,59.6425,-151.5483,62.04,93,100,6.91
100,Hun,LY,2022-05-31 16:54:47,29.1268,15.9477,96.46,12,100,8.81
101,Cidreira,BR,2022-05-31 16:54:48,-30.1811,-50.2056,53.85,61,98,9.93
102,Grindavik,IS,2022-05-31 16:54:48,63.8424,-22.4338,49.95,100,100,9.22
103,Muros,ES,2022-05-31 16:54:48,42.7762,-9.0603,66.09,87,100,7.0
104,Saskylakh,RU,2022-05-31 16:54:49,71.9167,114.0833,12.09,100,77,3.42
105,Upernavik,GL,2022-05-31 16:54:49,72.7868,-56.1549,25.75,80,7,10.89
106,Lebu,CL,2022-05-31 16:54:49,-37.6167,-73.65,47.75,62,7,8.84
107,Korla,CN,2022-05-31 16:54:50,41.7597,86.1469,79.05,28,94,19.17
108,Ontario,US,2022-05-31 16:52:26,34.0633,-117.6509,75.69,64,0,4.61
109,Eltham,NZ,2022-05-31 16:54:50,-39.4292,174.3,61.95,93,80,9.19
110,Naze,JP,2022-05-31 16:54:50,28.3667,129.4833,68.92,95,100,3.31
111,Were Ilu,ET,2022-05-31 16:54:51,10.6,39.4333,61.68,40,89,6.71
112,Camana,PE,2022-05-31 16:54:51,-16.6228,-72.7111,65.7,74,100,6.46
113,Saint-Philippe,RE,2022-05-31 16:54:52,-21.3585,55.7679,69.39,73,47,14.5
114,Santa Marta,CO,2022-05-31 16:54:52,11.2408,-74.199,91.45,58,20,6.91
115,Koslan,RU,2022-05-31 16:54:52,63.4564,48.8989,62.56,41,13,3.06
116,Misratah,LY,2022-05-31 16:54:53,32.3754,15.0925,80.71,47,8,19.55
117,Barbastro,ES,2022-05-31 16:54:53,42.0356,0.1269,86.54,22,3,6.76
118,Cochrane,CA,2022-05-31 16:51:41,51.1834,-114.4687,57.52,38,40,3.44
119,Mound,US,2022-05-31 16:54:53,44.9366,-93.6661,71.62,76,60,15.99
120,Port Elizabeth,ZA,2022-05-31 16:54:54,-33.918,25.5701,60.31,68,0,18.41
121,Celestun,MX,2022-05-31 16:54:54,20.8667,-90.4,81.03,71,100,14.2
122,Huangcun,CN,2022-05-31 16:54:54,30.0145,118.4037,69.64,98,95,2.71
123,Nishihara,JP,2022-05-31 16:54:55,26.1842,127.7558,77.05,97,75,8.05
124,Castro,BR,2022-05-31 16:54:55,-24.7911,-50.0119,56.03,97,100,8.08
125,Arraial Do Cabo,BR,2022-05-31 16:54:55,-22.9661,-42.0278,76.96,83,40,11.5
126,Souillac,MU,2022-05-31 16:54:56,-20.5167,57.5167,73.78,64,75,11.5
127,Clyde River,CA,2022-05-31 16:54:56,70.4692,-68.5914,26.83,80,20,3.44
128,Hithadhoo,MV,2022-05-31 16:54:56,-0.6,73.0833,83.79,69,78,10.33
129,Poum,NC,2022-05-31 16:54:57,-20.2333,164.0167,78.69,80,98,4.52
130,San Juan,AR,2022-05-31 16:54:02,-31.5375,-68.5364,51.82,37,15,5.17
131,Dunedin,NZ,2022-05-31 16:54:57,-45.8742,170.5036,54.81,71,100,4.0
132,Iqaluit,CA,2022-05-31 16:54:57,63.7506,-68.5145,37.13,81,40,3.44
133,Hamilton,US,2022-05-31 16:53:19,39.1834,-84.5333,88.74,57,1,4.0
134,Kedungwuni,ID,2022-05-31 16:54:58,-6.9704,109.6479,77.47,86,83,3.11
135,Coquimbo,CL,2022-05-31 16:54:58,-29.9533,-71.3436,55.13,82,100,4.61
136,Georgetown,MY,2022-05-31 16:50:26,5.4112,100.3354,80.53,94,40,5.99
137,San Juan Del Sur,NI,2022-05-31 16:54:59,11.2529,-85.8705,86.22,70,40,4.61
138,Lahad Datu,MY,2022-05-31 16:54:59,5.0268,118.327,77.59,89,82,3.91
139,Camabatela,AO,2022-05-31 16:54:59,-8.1881,15.375,69.31,45,0,5.01
140,Cherskiy,RU,2022-05-31 16:56:00,68.75,161.3,51.6,56,94,7.23
141,Olinda,BR,2022-05-31 16:52:14,-8.0089,-34.8553,82.13,78,75,6.91
142,Nikolskoye,RU,2022-05-31 16:56:00,59.7035,30.7861,61.79,59,100,5.26
143,Oksfjord,NO,2022-05-31 16:56:00,70.2396,22.3479,59.07,43,5,7.58
144,Berlevag,NO,2022-05-31 16:56:01,70.8578,29.0864,49.8,71,40,14.97
145,Bambous Virieux,MU,2022-05-31 16:56:01,-20.3428,57.7575,74.21,64,75,11.5
146,Bengkulu,ID,2022-05-31 16:56:01,-3.8004,102.2655,75.87,91,100,4.18
147,Bethel,US,2022-05-31 16:56:02,41.3712,-73.414,92.17,54,51,1.99
148,Labuan,MY,2022-05-31 16:56:02,5.2767,115.2417,82.76,83,20,1.14
149,Port Moresby,PG,2022-05-31 16:56:02,-9.4431,147.1797,74.62,100,40,4.61
150,Dikson,RU,2022-05-31 16:56:03,73.5069,80.5464,30.4,94,100,18.79
151,Corning,US,2022-05-31 16:56:03,42.1428,-77.0547,88.57,51,67,8.93
152,Tocopilla,CL,2022-05-31 16:56:03,-22.092,-70.1979,64.31,63,91,5.28
153,Chililabombwe,ZM,2022-05-31 16:56:04,-12.3648,27.8229,60.57,55,8,5.03
154,Ponta Do Sol,PT,2022-05-31 16:56:04,32.6667,-17.1,70.43,80,35,14.56
155,Namatanai,PG,2022-05-31 16:56:04,-3.6667,152.4333,79.07,80,28,4.38
156,Samarai,PG,2022-05-31 16:56:05,-10.6167,150.6667,79.86,82,39,6.8
157,Alice Springs,AU,2022-05-31 16:56:05,-23.7,133.8833,53.15,66,100,0.0
158,Bingol,TR,2022-05-31 16:56:05,38.8847,40.4939,69.33,53,10,6.55
159,Port Blair,IN,2022-05-31 16:56:06,11.6667,92.75,82.44,89,40,5.75
160,Chuy,UY,2022-05-31 16:56:06,-33.6971,-53.4616,52.39,42,7,7.27
161,Hewitt,US,2022-05-31 16:54:12,31.4624,-97.1958,87.89,65,20,16.11
162,Harnosand,SE,2022-05-31 16:56:07,62.6323,17.9379,55.42,93,100,16.75
163,Shache,CN,2022-05-31 16:56:07,38.4167,77.2406,72.75,13,97,6.31
164,Fort Nelson,CA,2022-05-31 16:56:07,58.8053,-122.7002,56.79,51,20,3.44
165,Mahebourg,MU,2022-05-31 16:56:08,-20.4081,57.7,74.25,64,75,11.5
166,Namibe,AO,2022-05-31 16:56:08,-15.1961,12.1522,73.04,64,0,3.33
167,Pontianak,ID,2022-05-31 16:56:08,-0.0333,109.3333,78.78,94,20,0.0
168,Parnamirim,BR,2022-05-31 16:51:29,-5.9156,-35.2628,85.89,74,75,10.36
169,Padang,ID,2022-05-31 16:56:09,-0.9492,100.3543,75.25,86,80,2.15
170,Kaka,TM,2022-05-31 16:56:09,37.3482,59.6143,82.02,19,0,2.98
171,Hofn,IS,2022-05-31 16:56:10,64.2539,-15.2082,47.07,86,100,4.94
172,Kanker,IN,2022-05-31 16:56:10,20.2719,81.4931,89.17,28,99,4.14
173,San Cristobal,VE,2022-05-31 16:56:10,7.7669,-72.225,80.78,43,100,5.93
174,Kavaratti,IN,2022-05-31 16:56:11,10.5669,72.642,83.44,72,100,16.49
175,Severo-Yeniseyskiy,RU,2022-05-31 16:56:11,60.3725,93.0408,38.17,88,20,4.7
176,Mayor Pablo Lagerenza,PY,2022-05-31 16:56:11,-19.9309,-60.7718,57.15,77,100,5.95
177,Geraldton,AU,2022-05-31 16:56:12,-28.7667,114.6,46.81,81,13,1.14
178,Camapua,BR,2022-05-31 16:56:12,-19.5314,-54.0439,85.12,48,100,5.64
179,Huntsville,US,2022-05-31 16:56:12,34.7304,-86.5861,87.89,59,0,4.61
180,Wanning,CN,2022-05-31 16:56:13,18.8003,110.3967,80.51,92,85,6.87
181,East London,ZA,2022-05-31 16:56:13,-33.0153,27.9116,59.94,51,0,8.05
182,Nizwa,OM,2022-05-31 16:56:13,22.9333,57.5333,89.44,11,0,3.87
183,Xining,CN,2022-05-31 16:56:14,36.6167,101.7667,54.48,54,76,3.47
184,Tasiilaq,GL,2022-05-31 16:56:14,65.6145,-37.6368,38.84,91,100,3.44
185,Lata,PT,2022-05-31 16:56:14,40.1629,-8.3327,69.24,75,100,5.57
186,Marawi,PH,2022-05-31 16:56:15,7.9986,124.2928,69.39,86,59,4.07
187,Uarini,BR,2022-05-31 16:56:15,-2.99,-65.1083,85.12,67,90,3.18
188,Zaysan,KZ,2022-05-31 16:57:15,47.4667,84.8667,62.64,62,100,10.67
189,Taoudenni,ML,2022-05-31 16:57:16,22.6783,-3.9836,108.81,5,2,13.71
190,Tombouctou,ML,2022-05-31 16:57:16,20.0,-3.0,109.47,8,44,15.01
191,Thompson,CA,2022-05-31 16:57:17,55.7435,-97.8558,37.56,81,100,16.11
192,Asyut,EG,2022-05-31 16:57:17,27.181,31.1837,98.78,14,0,14.29
193,Calamar,CO,2022-05-31 16:57:17,10.2511,-74.9146,86.18,69,100,7.02
194,Farsund,NO,2022-05-31 16:57:18,58.0948,6.8047,53.94,100,86,11.63
195,Provideniya,RU,2022-05-31 16:57:18,64.3833,-173.3,42.4,73,48,0.83
196,Surt,LY,2022-05-31 16:57:18,31.2089,16.5887,81.3,42,49,19.42
197,Faanui,PF,2022-05-31 16:57:19,-16.4833,-151.75,79.83,68,69,11.79
198,Ajdabiya,LY,2022-05-31 16:57:19,30.7554,20.2263,79.34,40,8,17.58
199,Laguna,US,2022-05-31 16:57:19,38.421,-121.4238,76.32,31,0,17.27
200,Margate,GB,2022-05-31 16:57:20,51.3813,1.3862,52.7,80,84,3.0
201,Arlit,NE,2022-05-31 16:57:20,18.7369,7.3853,105.78,5,3,3.91
202,Bull Savanna,JM,2022-05-31 16:57:20,17.8868,-77.5902,84.52,62,90,18.43
203,Severo-Kurilsk,RU,2022-05-31 16:57:21,50.6789,156.125,40.82,94,100,3.04
204,Zlotow,PL,2022-05-31 16:54:36,53.3635,17.0408,60.44,64,92,6.11
205,Sabang,ID,2022-05-31 16:57:21,5.8933,95.3214,82.87,73,55,22.35
206,Ulladulla,AU,2022-05-31 16:57:21,-35.35,150.4667,47.3,61,4,19.15
207,Nanortalik,GL,2022-05-31 16:57:22,60.1432,-45.2371,39.83,81,100,2.77
208,San Patricio,US,2022-05-31 16:57:22,28.017,-97.5169,91.18,54,34,18.52
209,Vila Franca Do Campo,PT,2022-05-31 16:57:22,37.7167,-25.4333,63.19,76,78,17.76
210,Cap Malheureux,MU,2022-05-31 16:57:23,-19.9842,57.6142,74.46,60,3,8.99
211,San Rafael,AR,2022-05-31 16:56:24,-34.6177,-68.3301,48.65,35,32,5.28
212,Lompoc,US,2022-05-31 16:57:23,34.6391,-120.4579,72.84,81,40,12.66
213,Buraydah,SA,2022-05-31 16:57:24,26.326,43.975,99.05,8,0,12.8
214,Saint Anthony,US,2022-05-31 16:57:24,45.0205,-93.218,71.87,70,100,16.11
215,Predivinsk,RU,2022-05-31 16:57:24,57.0669,93.4378,47.86,61,63,1.77
216,Sao Filipe,CV,2022-05-31 16:57:25,14.8961,-24.4956,76.23,78,17,13.33
217,Elk Plain,US,2022-05-31 16:57:25,47.0532,-122.3976,61.21,73,0,5.01
218,Barcelos,PT,2022-05-31 16:57:25,41.5388,-8.6151,67.84,89,100,2.95
219,Inirida,CO,2022-05-31 16:57:27,3.8653,-67.9239,82.54,81,96,2.39
220,Yokadouma,CM,2022-05-31 16:57:27,3.5167,15.05,70.02,97,93,4.59
221,San Luis,AR,2022-05-31 16:57:27,-33.295,-66.3356,51.78,35,98,6.91
222,Te Horo,NZ,2022-05-31 16:57:28,-40.8084,175.1233,60.8,82,100,7.0
223,Grootfontein,NA,2022-05-31 16:57:28,-19.5667,18.1167,69.37,19,1,10.36
224,Harper,LR,2022-05-31 16:57:28,4.375,-7.7169,81.84,72,48,8.25
225,Lugo,ES,2022-05-31 16:57:29,43.0,-7.5,64.76,97,73,1.99
226,Sur,OM,2022-05-31 16:57:29,22.5667,59.5289,87.01,60,0,10.2
227,Christchurch,NZ,2022-05-31 16:57:17,-43.5333,172.6333,55.9,73,100,14.97
228,Noumea,NC,2022-05-31 16:57:29,-22.2763,166.4572,78.01,99,46,3.67
229,Hobyo,SO,2022-05-31 16:57:30,5.3505,48.5268,78.98,83,2,26.55
230,Noyabrsk,RU,2022-05-31 16:57:30,63.1994,75.4507,48.81,48,35,15.61
231,Harnai,PK,2022-05-31 16:57:30,30.1005,67.9374,83.5,7,5,7.67
232,Porirua,NZ,2022-05-31 16:57:31,-41.1333,174.85,60.55,92,100,25.3
233,Petersburg,US,2022-05-31 16:57:31,37.2279,-77.4019,94.87,50,0,5.75
234,Makakilo City,US,2022-05-31 16:57:31,21.3469,-158.0858,75.18,79,4,10.76
235,Yumen,CN,2022-05-31 16:58:32,40.2833,97.2,69.57,16,54,15.12
236,Tahoua,NE,2022-05-31 16:58:33,14.8888,5.2692,106.23,4,2,12.59
237,Storslett,NO,2022-05-31 16:58:33,69.7678,21.0247,64.4,42,0,4.61
238,Talnakh,RU,2022-05-31 16:58:34,69.4865,88.3972,34.21,84,91,12.97
239,Salinas,US,2022-05-31 16:58:34,36.6777,-121.6555,69.57,72,3,5.19
240,Ribeira Grande,PT,2022-05-31 16:58:34,38.5167,-28.7,66.6,63,40,16.11
241,Drovyanaya,RU,2022-05-31 16:58:35,51.5833,113.0333,42.3,91,25,4.32
242,Paita,PE,2022-05-31 16:58:35,-5.0892,-81.1144,71.46,66,75,11.83
243,Karpathos,GR,2022-05-31 16:58:35,35.507,27.2132,73.36,78,0,18.41
244,Kavieng,PG,2022-05-31 16:58:36,-2.5744,150.7967,81.48,73,22,11.01
245,De-Kastri,RU,2022-05-31 16:58:36,51.4667,140.7833,41.83,97,99,6.11
246,Villa Maria,AR,2022-05-31 16:58:36,-32.4075,-63.2402,55.44,23,97,9.19
247,Los Llanos De Aridane,ES,2022-05-31 16:58:37,28.6585,-17.9182,74.95,70,40,6.91
248,Bilma,NE,2022-05-31 16:58:37,18.6853,12.9164,102.24,6,1,3.65
249,Lavrentiya,RU,2022-05-31 16:58:37,65.5833,-171.0,37.78,84,26,1.41
250,Ribas Do Rio Pardo,BR,2022-05-31 16:58:38,-20.4431,-53.7592,73.76,71,100,2.3
251,Acari,PE,2022-05-31 16:58:38,-15.4311,-74.6158,73.6,50,98,8.59
252,Yol,IN,2022-05-31 16:58:38,32.1667,76.2,81.28,28,21,7.25
253,General Pico,AR,2022-05-31 16:58:39,-35.6566,-63.7568,52.3,31,54,6.89
254,Torbay,CA,2022-05-31 16:58:39,47.6666,-52.7314,49.75,83,100,10.36
255,Tucuman,AR,2022-05-31 16:58:39,-26.8241,-65.2226,48.2,61,75,3.44
256,Thinadhoo,MV,2022-05-31 16:58:40,0.5333,72.9333,83.44,72,81,11.5
257,Jalu,LY,2022-05-31 16:58:40,29.0331,21.5482,92.17,11,95,9.28
258,Luzhou,CN,2022-05-31 16:58:40,28.8724,105.4405,74.19,90,87,1.88
259,Ola,RU,2022-05-31 16:58:41,59.5833,151.2833,44.15,90,100,1.3
260,Kakching,IN,2022-05-31 16:58:41,24.4833,93.9833,70.7,96,100,1.14
261,Manicore,BR,2022-05-31 16:58:41,-5.8092,-61.3003,85.95,74,100,2.3
262,Pangnirtung,CA,2022-05-31 16:58:42,66.1451,-65.7125,33.8,80,40,9.22
263,Cao Bang,VN,2022-05-31 16:58:42,22.6667,106.25,73.02,99,92,0.51
264,Kamyshlov,RU,2022-05-31 16:58:42,56.8428,62.7111,51.24,70,48,8.63
265,Esperance,AU,2022-05-31 16:58:43,-33.8667,121.9,56.23,71,96,5.44
266,Luganville,VU,2022-05-31 16:58:43,-15.5333,167.1667,79.88,85,55,7.29
267,Luderitz,NA,2022-05-31 16:58:43,-26.6481,15.1594,69.22,34,0,12.28
268,Pisco,PE,2022-05-31 16:58:43,-13.7,-76.2167,62.65,82,100,5.75
269,Port Victoria,KE,2022-05-31 16:58:44,0.0939,33.9756,72.37,69,13,6.93
270,Colares,PT,2022-05-31 16:58:44,38.7992,-9.4469,74.88,76,75,20.0
271,Mitoc,RO,2022-05-31 16:58:44,48.1,27.0333,65.75,78,95,6.35
272,Norman Wells,CA,2022-05-31 16:58:45,65.282,-126.8329,59.04,58,40,13.8
273,Lazaro Cardenas,MX,2022-05-31 16:58:45,17.9583,-102.2,84.31,53,93,7.25
274,Caucaia,BR,2022-05-31 16:58:45,-3.7361,-38.6531,87.75,69,40,16.11
275,Miles City,US,2022-05-31 16:58:46,46.4083,-105.8406,55.54,40,100,20.15
276,Ponta Delgada,PT,2022-05-31 16:58:46,37.7333,-25.6667,63.5,82,20,21.85
277,Gold Coast,AU,2022-05-31 16:53:53,-28.0,153.4333,60.01,79,99,9.22
278,Fort-Shevchenko,KZ,2022-05-31 16:58:47,44.5086,50.263,77.77,38,0,5.28
279,Sambava,MG,2022-05-31 16:58:47,-14.2667,50.1667,73.2,69,4,14.07
280,La Ronge,CA,2022-05-31 16:59:48,55.1001,-105.2842,52.02,37,20,19.57
281,Baykit,RU,2022-05-31 16:59:48,61.67,96.37,44.71,89,97,9.31
282,Pevek,RU,2022-05-31 16:59:48,69.7008,170.3133,31.95,95,100,1.25
283,Bathsheba,BB,2022-05-31 16:59:49,13.2167,-59.5167,88.41,62,40,17.27
284,Sungaipenuh,ID,2022-05-31 16:59:49,-2.0833,101.3833,64.13,97,96,1.34
285,Vanavara,RU,2022-05-31 16:59:49,60.34,102.2797,44.38,92,94,7.83
286,Kruisfontein,ZA,2022-05-31 16:59:50,-34.0033,24.7314,56.88,69,23,16.11
287,Dicabisagan,PH,2022-05-31 16:59:50,17.0818,122.4157,79.74,80,74,4.63
288,Takoradi,GH,2022-05-31 16:59:50,4.8845,-1.7554,81.68,76,37,9.48
289,Rochegda,RU,2022-05-31 16:59:51,62.8,43.25,63.97,63,80,2.39
290,Bani Walid,LY,2022-05-31 16:59:51,31.7566,13.9942,96.75,14,15,23.22
291,Conselheiro Lafaiete,BR,2022-05-31 16:59:51,-20.6603,-43.7861,78.66,42,85,1.5
292,Avera,US,2022-05-31 16:59:52,33.194,-82.5271,86.56,48,0,5.64
293,Champerico,GT,2022-05-31 16:59:52,14.3,-91.9167,79.34,83,100,5.3
294,Tarko-Sale,RU,2022-05-31 16:59:52,64.9225,77.785,48.74,52,88,12.75
295,Sao Joao Da Barra,BR,2022-05-31 16:59:53,-21.6403,-41.0511,82.49,60,92,9.19
296,Montepuez,MZ,2022-05-31 16:59:53,-13.1256,38.9997,66.02,76,8,4.79
297,Kodiak,US,2022-05-31 16:59:53,57.79,-152.4072,45.52,89,100,7.9
298,Gawler,AU,2022-05-31 16:59:53,-34.6,138.7333,51.51,83,93,9.86
299,Aktau,KZ,2022-05-31 16:59:54,43.65,51.2,81.18,30,0,6.64
300,Russell,US,2022-05-31 16:57:17,32.3502,-85.1999,87.91,43,42,4.41
301,Esso,RU,2022-05-31 16:59:54,55.9333,158.7,37.24,99,100,3.31
302,Chokurdakh,RU,2022-05-31 16:59:55,70.6333,147.9167,40.35,76,100,13.73
303,Bobo Dioulasso,BF,2022-05-31 16:55:08,11.1771,-4.2979,89.94,45,69,5.26
304,Glenwood Springs,US,2022-05-31 16:56:29,39.5505,-107.3248,57.4,72,40,5.75
305,Gat,IL,2022-05-31 16:57:05,31.61,34.7642,79.39,45,0,7.87
306,Cabo San Lucas,MX,2022-05-31 16:59:55,22.8909,-109.9124,86.61,61,2,5.99
307,Richards Bay,ZA,2022-05-31 16:56:22,-28.783,32.0377,65.52,50,2,15.99
308,Maceio,BR,2022-05-31 16:59:56,-9.6658,-35.7353,83.64,74,75,12.66
309,Minab,IR,2022-05-31 16:59:56,27.1467,57.0801,88.12,48,0,2.3
310,Vila Velha,BR,2022-05-31 16:59:56,-20.3297,-40.2925,82.35,65,0,9.22
311,Necochea,AR,2022-05-31 16:59:57,-38.5473,-58.7368,48.2,57,27,16.15
312,Itarema,BR,2022-05-31 16:59:57,-2.9248,-39.9167,84.25,69,50,13.15
313,Metu,ET,2022-05-31 16:59:57,8.3,35.5833,59.56,95,97,2.08
314,Vao,NC,2022-05-31 16:59:58,-22.6667,167.4833,76.15,84,28,7.9
315,Bereda,ES,2022-05-31 16:59:58,43.2686,-7.5406,65.41,99,96,3.09
316,Bubaque,GW,2022-05-31 16:59:58,11.2833,-15.8333,79.93,72,41,10.51
317,Kushiro,JP,2022-05-31 16:59:59,42.975,144.3747,47.03,99,100,9.91
318,San Ramon,US,2022-05-31 16:59:59,37.7799,-121.978,72.81,47,2,3.0
319,Beloretsk,RU,2022-05-31 16:59:59,53.9631,58.3981,47.44,94,51,2.8
320,Upington,ZA,2022-05-31 17:00:00,-28.4478,21.2561,53.98,28,0,4.61
321,Akyab,MM,2022-05-31 17:00:00,20.15,92.9,82.38,78,20,0.58
322,Dakoro,NE,2022-05-31 17:00:01,14.5106,6.765,103.68,4,0,7.83
323,Umm Lajj,SA,2022-05-31 17:00:01,25.0213,37.2685,82.81,68,0,5.64
324,Qinhuangdao,CN,2022-05-31 17:00:02,39.9317,119.5883,64.17,57,55,8.77
325,Constitucion,CL,2022-05-31 17:00:03,-35.3333,-72.4167,51.58,47,0,5.66
326,Santona,ES,2022-05-31 17:00:04,43.4439,-3.4576,75.51,74,87,8.25
327,Belaya Gora,RU,2022-05-31 17:01:05,68.5333,146.4167,51.71,68,100,2.75
328,Khvastovichi,RU,2022-05-31 17:01:05,53.4694,35.0941,61.99,95,35,4.41
329,Arman,RU,2022-05-31 17:01:06,59.7,150.1667,39.74,85,100,3.71
330,Carnarvon,AU,2022-05-31 17:01:06,-24.8667,113.6333,59.49,70,0,18.66
331,Bowen,AU,2022-05-31 17:01:07,-20.0167,148.2333,65.03,45,69,9.06
332,Mount Gambier,AU,2022-05-31 17:01:07,-37.8333,140.7667,46.29,69,98,13.2
333,Buala,SB,2022-05-31 17:01:08,-8.145,159.5921,80.02,79,27,3.27
334,General Roca,AR,2022-05-31 17:01:08,-39.0333,-67.5833,46.62,36,0,3.78
335,Estelle,US,2022-05-31 17:00:29,29.8458,-90.1067,91.0,60,12,13.0
336,Goure,NE,2022-05-31 17:01:09,13.9835,10.2704,103.01,5,0,11.21
337,Plastun,RU,2022-05-31 17:01:09,44.7561,136.2939,45.07,95,98,2.08
338,Kilrush,IE,2022-05-31 17:01:09,52.6397,-9.4833,56.95,71,23,14.7
339,Ambulu,ID,2022-05-31 17:01:10,-8.345,113.6058,76.53,90,100,2.55
340,Dickinson,US,2022-05-31 17:01:10,29.4608,-95.0513,92.01,69,13,7.0
341,Presidencia Roque Saenz Pena,AR,2022-05-31 17:01:11,-26.7852,-60.4388,60.35,32,5,6.85
342,Saint-Pierre,RE,2022-05-31 17:01:11,-21.3393,55.4781,71.91,73,0,4.61
343,Along,IN,2022-05-31 17:01:11,28.1667,94.7667,73.44,97,24,1.52
344,Tessalit,ML,2022-05-31 17:01:12,20.1986,1.0114,102.45,14,38,10.78
345,Fortuna,US,2022-05-31 17:01:12,40.5982,-124.1573,61.93,76,20,9.22
346,Kanniyakumari,IN,2022-05-31 17:01:12,8.0833,77.5667,80.08,82,97,21.61
347,Tsabong,BW,2022-05-31 17:01:13,-26.0217,22.401,58.44,18,0,7.78
348,Krasnoborsk,RU,2022-05-31 17:01:13,61.5598,45.934,61.54,76,90,2.55
349,Waipawa,NZ,2022-05-31 17:01:13,-41.4122,175.5153,52.43,93,100,11.7
350,Burgeo,CA,2022-05-31 17:01:13,47.6167,-57.6152,48.88,68,96,18.23
351,Santiago Del Estero,AR,2022-05-31 17:01:14,-27.7951,-64.2615,58.32,32,98,10.29
352,Panjab,AF,2022-05-31 17:01:14,34.388,67.0233,53.1,41,91,5.68
353,Puerto Del Rosario,ES,2022-05-31 17:01:14,28.5004,-13.8627,82.15,44,20,14.97
354,Tunduma,TZ,2022-05-31 17:01:15,-9.3,32.7667,56.61,81,25,7.2
355,Bandarbeyla,SO,2022-05-31 17:01:15,9.4942,50.8122,81.46,75,59,27.87
356,Maniwaki,CA,2022-05-31 17:00:10,46.3834,-75.966,75.69,57,80,5.26
357,Aguimes,ES,2022-05-31 17:01:16,27.9054,-15.4461,72.23,64,40,9.22
358,Sao Raimundo Das Mangabeiras,BR,2022-05-31 17:01:16,-7.0219,-45.4811,88.84,45,51,7.0
359,Santa Vitoria Do Palmar,BR,2022-05-31 17:01:16,-33.5189,-53.3681,52.25,42,5,7.18
360,Reykjavik,IS,2022-05-31 17:01:17,64.1355,-21.8954,52.81,92,100,2.82
361,Lasa,IT,2022-05-31 17:01:17,46.6166,10.7002,64.36,88,77,5.06
362,Liwale,TZ,2022-05-31 17:01:17,-9.7667,37.9333,70.45,71,96,4.38
363,Ahipara,NZ,2022-05-31 17:01:18,-35.1667,173.1667,63.32,87,16,15.37
364,Dingle,PH,2022-05-31 17:01:18,10.9995,122.6711,76.19,91,99,2.26
365,Praia,CV,2022-05-31 17:01:18,14.9215,-23.5087,81.14,65,40,20.71
366,Sibu,MY,2022-05-31 17:01:18,2.3,111.8167,75.9,93,6,0.94
367,Nabire,ID,2022-05-31 17:01:19,-3.3667,135.4833,76.46,88,100,1.34
368,Nokaneng,BW,2022-05-31 17:01:19,-19.6667,22.2667,65.53,19,0,10.16
369,Klaksvik,FO,2022-05-31 17:01:20,62.2266,-6.589,52.72,88,7,7.34
370,San Quintin,MX,2022-05-31 17:01:20,30.4833,-115.95,65.71,67,40,13.18
371,Jibuti,DJ,2022-05-31 17:01:20,11.5,42.5,88.88,38,61,9.93
372,Mayo,US,2022-05-31 17:01:21,38.8876,-76.5119,96.37,58,0,4.0
373,Huron,US,2022-05-31 17:01:21,41.1501,-82.5499,86.68,52,9,14.14
374,Quthing,LS,2022-05-31 17:01:21,-30.4,27.7003,41.04,44,21,3.53
375,Montalban,FR,2022-05-31 17:01:55,44.0167,1.35,81.39,47,23,5.59
376,Ayan,RU,2022-05-31 17:02:22,56.45,138.1667,35.62,97,100,16.73
377,Merritt Island,US,2022-05-31 17:02:22,28.5392,-80.672,88.09,63,40,11.5
378,Abu Samrah,SY,2022-05-31 17:02:22,35.3029,37.1841,84.56,22,0,14.45
379,Mount Isa,AU,2022-05-31 17:02:23,-20.7333,139.5,58.77,51,80,5.75
380,Matagami,CA,2022-05-31 17:02:23,49.7502,-77.6328,60.06,42,100,13.58
381,Gibsons,CA,2022-05-31 17:02:18,49.3997,-123.5027,63.05,80,100,4.5
382,Rolla,US,2022-05-31 17:02:24,37.9514,-91.7713,84.22,57,75,14.97
383,Asau,RO,2022-05-31 17:02:24,46.4333,26.4,72.52,89,97,3.62
384,Rio Gallegos,AR,2022-05-31 17:02:24,-51.6226,-69.2181,41.9,78,100,12.97
385,Mancora,PE,2022-05-31 17:02:25,-4.1078,-81.0475,77.9,58,39,8.75
386,Fomboni,KM,2022-05-31 17:02:25,-12.28,43.7425,79.99,66,17,11.34
387,Ishigaki,JP,2022-05-31 17:02:25,24.3448,124.1572,81.72,86,100,16.82
388,Paso De Los Toros,UY,2022-05-31 17:02:26,-32.8167,-56.5167,50.67,53,33,3.6
389,Tucurui,BR,2022-05-31 17:02:26,-3.7661,-49.6725,87.82,58,64,4.23
390,Forfar,GB,2022-05-31 17:02:26,56.6431,-2.8903,53.76,80,89,10.67
391,Ekhabi,RU,2022-05-31 17:02:27,53.5102,142.9671,34.56,97,100,14.36
392,Isangel,VU,2022-05-31 17:02:27,-19.55,169.2667,76.8,89,85,5.59
393,Chute-Aux-Outardes,CA,2022-05-31 17:02:27,49.1168,-68.399,53.33,48,27,5.53
394,Mitsamiouli,KM,2022-05-31 17:02:28,-11.3847,43.2844,79.05,68,5,7.72
395,Mareeba,AU,2022-05-31 17:02:28,-17.0,145.4333,64.44,97,94,1.63
396,Nampula,MZ,2022-05-31 17:02:28,-15.1165,39.2666,65.64,83,83,3.56
397,Kamenka,RU,2022-05-31 17:02:29,51.3223,42.7678,62.6,84,69,10.51
398,Katsuura,JP,2022-05-31 17:02:29,35.1333,140.3,66.34,92,98,7.87
399,Nouadhibou,MR,2022-05-31 17:02:29,20.931,-17.0347,68.59,81,83,22.64
400,Berezovyy,RU,2022-05-31 17:02:30,51.6667,135.7,46.29,99,100,4.14
401,Qui Nhon,VN,2022-05-31 17:02:30,13.7667,109.2333,80.35,88,25,4.38
402,Prince Rupert,CA,2022-05-31 17:02:30,54.3161,-130.3201,55.26,80,59,3.71
403,Acandi,CO,2022-05-31 17:02:31,8.5063,-77.2778,80.83,81,100,2.53
404,Rocha,UY,2022-05-31 17:02:31,-34.4833,-54.3333,51.01,50,23,10.51
405,Byron Bay,AU,2022-05-31 17:02:31,-28.65,153.6167,55.54,69,50,11.5
406,Bac Lieu,VN,2022-05-31 17:02:32,9.285,105.7244,80.92,85,74,6.85
407,Camacha,PT,2022-05-31 17:02:32,33.0833,-16.3333,67.42,64,40,23.02
408,Linxia,CN,2022-05-31 17:02:32,35.6003,103.2064,60.15,43,34,2.84
409,Porto Walter,BR,2022-05-31 17:02:33,-8.2686,-72.7439,80.26,88,89,3.44
410,Razam,IN,2022-05-31 17:02:33,18.4667,83.6667,90.25,51,90,4.38
411,Port Hedland,AU,2022-05-31 17:02:34,-20.3167,118.5667,57.25,100,100,13.8
412,Zheleznodorozhnyy,RU,2022-05-31 17:02:34,55.7503,38.0042,62.15,95,97,6.17
413,Darab,IR,2022-05-31 17:02:34,28.7519,54.5444,84.38,5,96,19.06
414,Ostrovnoy,RU,2022-05-31 17:02:35,68.0531,39.5131,40.55,86,35,3.31
415,Mastic Beach,US,2022-05-31 17:02:35,40.7668,-72.8521,93.04,43,0,13.8
416,Hambantota,LK,2022-05-31 17:02:35,6.1241,81.1185,78.49,84,100,26.71
417,Honningsvag,NO,2022-05-31 17:02:36,70.9821,25.9704,49.75,76,90,6.91
418,Namtsy,RU,2022-05-31 17:02:36,62.7161,129.6658,49.01,98,98,5.86
419,Westport,US,2022-05-31 17:03:37,41.1415,-73.3579,93.43,46,0,10.36
420,Kolo,PL,2022-05-31 17:03:37,52.2002,18.6387,60.19,63,99,5.08
421,Jimo,CN,2022-05-31 17:03:37,36.3897,120.4622,70.54,51,59,12.35
422,Taylorville,US,2022-05-31 17:03:38,39.5489,-89.2945,85.98,48,75,17.27
423,Polessk,RU,2022-05-31 17:03:38,54.862,21.1028,57.25,81,28,1.95
424,Shenjiamen,CN,2022-05-31 17:03:38,29.9576,122.298,67.33,98,100,13.71
425,Moindou,NC,2022-05-31 17:03:38,-21.6924,165.677,75.79,83,65,3.06
426,Stornoway,GB,2022-05-31 17:03:39,58.2093,-6.3865,55.04,79,20,13.8
427,Karaton,ID,2022-05-31 17:03:39,-6.3424,106.1045,73.67,93,81,3.83
428,Tecoanapa,MX,2022-05-31 17:03:39,16.5167,-98.75,85.37,59,99,8.19
429,Newport,GB,2022-05-31 17:00:03,51.5877,-2.9984,62.69,52,85,13.24
430,Trelew,AR,2022-05-31 17:03:40,-43.249,-65.3051,47.57,54,98,14.43
431,Asfi,MA,2022-05-31 17:01:54,32.2994,-9.2372,69.48,75,0,11.79
432,Ibague,CO,2022-05-31 17:03:40,4.4389,-75.2322,75.99,75,37,6.22
433,Lubu,CN,2022-05-31 17:03:41,23.1742,112.2809,77.31,96,98,2.24
434,Merauke,ID,2022-05-31 17:03:41,-8.4667,140.3333,76.23,89,100,10.85
435,Lufilufi,WS,2022-05-31 17:03:41,-13.8745,-171.5986,82.04,73,72,16.22
436,Puerto Carreno,CO,2022-05-31 16:59:11,6.189,-67.4859,85.98,70,40,3.44
437,Camopi,GF,2022-05-31 17:03:42,3.1655,-52.3158,72.72,99,100,3.0
438,Dali,CN,2022-05-31 17:03:42,25.7,100.1833,64.33,84,60,4.83
439,Aswan,EG,2022-05-31 17:03:42,24.0934,32.907,98.28,6,0,7.43
440,Anloga,GH,2022-05-31 17:03:43,5.7947,0.8973,82.29,74,72,14.07
441,Puerto Escondido,MX,2022-05-31 17:03:43,15.85,-97.0667,83.23,57,100,5.75
442,Malang,ID,2022-05-31 17:01:27,-7.9797,112.6304,71.62,95,99,1.12
443,Marsh Harbour,BS,2022-05-31 17:03:43,26.5412,-77.0636,74.93,84,100,17.83
444,Emba,KZ,2022-05-31 17:03:44,48.8264,58.1442,65.3,40,85,12.55
445,Knysna,ZA,2022-05-31 17:03:44,-34.0363,23.0471,56.48,74,8,6.4
446,Coahuayana,MX,2022-05-31 17:03:44,18.7333,-103.6833,87.76,47,80,6.6
447,Kutum,SD,2022-05-31 17:03:45,14.2,24.6667,89.28,9,87,7.4
448,Kati,ML,2022-05-31 17:03:45,12.7441,-8.0726,98.01,21,67,7.29
449,Hasaki,JP,2022-05-31 17:03:45,35.7333,140.8333,64.8,88,99,8.68
450,Maragogi,BR,2022-05-31 17:03:46,-9.0122,-35.2225,81.61,73,22,7.81
451,Leningradskiy,RU,2022-05-31 17:03:46,69.3833,178.4167,35.69,96,100,3.8
452,Doha,QA,2022-05-31 16:59:09,25.2867,51.5333,85.98,51,0,6.91
453,Te Anau,NZ,2022-05-31 17:03:46,-45.4167,167.7167,47.57,95,87,2.98
454,Lagoa,PT,2022-05-31 17:03:47,39.05,-27.9833,60.49,80,61,20.33
455,Yeppoon,AU,2022-05-31 17:03:47,-23.1333,150.7333,60.58,63,73,7.11
456,Zyryanka,RU,2022-05-31 17:03:47,65.75,150.85,54.88,66,100,17.09
457,Biak,ID,2022-05-31 17:03:48,-0.9131,122.8766,76.82,86,41,1.61
458,Nemuro,JP,2022-05-31 17:03:48,43.3236,145.575,45.01,98,100,14.16
459,Warragul,AU,2022-05-31 17:00:33,-38.1667,145.9333,42.94,88,100,10.0
460,Tilichiki,RU,2022-05-31 17:03:48,60.4667,166.1,34.05,90,17,0.56
461,Poykovskiy,RU,2022-05-31 17:03:49,61.2333,73.3333,55.69,47,0,8.95
462,Kisangani,CD,2022-05-31 17:03:49,0.5167,25.2,79.38,63,79,0.67
463,Opuwo,NA,2022-05-31 17:03:50,-18.0607,13.84,68.9,22,2,10.42
464,Semnan,IR,2022-05-31 17:03:50,35.5729,53.3971,74.73,34,85,12.64
465,Mandurah,AU,2022-05-31 17:03:50,-32.55,115.7,54.5,70,55,8.79
466,Boali,CF,2022-05-31 17:04:51,4.8005,18.1275,81.7,62,41,3.0
467,Babushkin,RU,2022-05-31 17:04:51,51.7122,105.8647,49.44,88,94,8.41
468,Auxerre,FR,2022-05-31 17:04:51,47.8,3.5667,70.63,58,92,6.87
469,Dubai,AE,2022-05-31 17:02:01,25.2582,55.3047,83.46,62,0,2.89
470,Charagua,BO,2022-05-31 17:04:52,-19.8,-63.2167,53.17,80,100,4.21
471,Nerang,AU,2022-05-31 17:04:52,-27.9833,153.3333,59.59,76,97,6.89
472,Kamakhyanagar,IN,2022-05-31 17:04:52,20.9333,85.55,87.87,59,88,5.64
473,Paamiut,GL,2022-05-31 17:04:53,61.994,-49.6678,36.3,80,99,3.71
474,Moron,AR,2022-05-31 17:04:53,-34.6534,-58.6198,53.8,47,1,4.16
475,Aracati,BR,2022-05-31 17:00:10,-4.5617,-37.7697,85.33,63,31,10.89
476,Valleyview,CA,2022-05-31 17:04:53,55.0667,-117.2859,56.77,48,7,2.46
477,Saint-Denis,FR,2022-05-31 17:04:54,48.9167,2.3333,72.16,45,0,13.8
478,Princeton,US,2022-05-31 17:00:36,25.5384,-80.4089,86.02,73,100,4.0
479,Baherden,TM,2022-05-31 17:04:54,38.4362,57.4316,85.3,18,0,7.02
480,Morton,US,2022-05-31 17:04:55,46.7722,-101.2615,53.78,74,100,20.94
481,Longonjo,AO,2022-05-31 17:04:55,-12.9067,15.2533,63.97,39,0,4.92
482,Bolama,GW,2022-05-31 17:04:55,11.5833,-15.4667,82.22,67,66,13.4
483,Ginir,ET,2022-05-31 17:02:25,7.1333,40.7,61.61,62,21,4.97
484,Bosaso,SO,2022-05-31 17:04:56,11.2842,49.1816,89.15,49,24,3.98
485,Wencheng,CN,2022-05-31 17:04:56,33.0559,113.7978,76.12,52,100,8.05
486,Agirish,RU,2022-05-31 17:04:56,61.9247,63.0231,49.55,52,30,2.98
487,Tahe,CN,2022-05-31 17:04:57,52.3333,124.7333,46.62,97,100,2.55
488,Aykhal,RU,2022-05-31 17:04:57,66.0,111.5,48.54,51,67,7.07
489,Ust-Kuyga,RU,2022-05-31 17:04:57,70.0167,135.6,34.84,99,100,4.54
490,Khor,RU,2022-05-31 17:04:58,47.8861,134.9464,48.07,96,100,7.02
491,Cairns,AU,2022-05-31 17:04:58,-16.9167,145.7667,69.06,97,97,0.0
492,Launceston,AU,2022-05-31 17:02:26,-41.45,147.1667,44.8,89,40,3.0
493,Pelym,RU,2022-05-31 17:04:58,61.0108,61.9978,49.69,58,33,5.41
494,Palmer,US,2022-05-31 17:04:59,42.1584,-72.3287,92.25,49,85,3.0
495,Koungou,YT,2022-05-31 17:04:59,-12.7336,45.2042,76.71,78,0,10.36
496,Buin,CL,2022-05-31 17:04:59,-33.7333,-70.75,55.74,31,0,4.94
497,Hovd,MN,2022-05-31 17:05:00,48.0056,91.6419,65.07,40,75,3.4
498,Isla Mujeres,MX,2022-05-31 17:05:00,21.2311,-86.731,80.65,82,100,19.08
499,Tabou,CI,2022-05-31 17:05:00,4.423,-7.3528,81.52,74,30,7.92
500,Riacho De Santana,BR,2022-05-31 17:05:01,-13.6092,-42.9389,92.05,23,3,7.49
501,Kifri,IQ,2022-05-31 17:05:01,34.6959,44.9661,97.38,11,0,14.18
502,Khani,GE,2022-05-31 17:05:01,41.9563,42.9566,67.57,87,97,7.47
503,Vitim,RU,2022-05-31 17:05:02,59.4511,112.5578,47.66,87,59,4.21
504,Fiche,ET,2022-05-31 17:05:02,9.8,38.7333,62.67,33,83,5.84
505,Uthal,PK,2022-05-31 17:05:03,25.8072,66.6219,84.4,70,0,10.07
506,Soe,ID,2022-05-31 17:05:04,-9.8607,124.284,65.84,95,100,3.02
507,Lhokseumawe,ID,2022-05-31 17:05:04,5.1801,97.1507,77.9,85,85,6.42
508,Chicama,PE,2022-05-31 17:05:05,-7.8447,-79.1469,63.14,62,90,8.75
509,Awbari,LY,2022-05-31 17:05:05,26.5921,12.7805,97.97,10,88,13.91
510,Codrington,AU,2022-05-31 17:05:05,-38.2667,141.9667,48.61,64,99,23.8
511,Reims,FR,2022-05-31 17:05:06,49.1667,4.0833,68.74,37,75,9.22
512,Hualmay,PE,2022-05-31 17:05:06,-11.0964,-77.6139,66.65,71,71,7.54
513,Kushima,JP,2022-05-31 17:06:06,31.4583,131.2333,66.27,91,87,1.05
514,Beloha,MG,2022-05-31 17:06:07,-25.1667,45.05,64.81,81,0,5.21
515,Bontang,ID,2022-05-31 17:06:07,0.1333,117.5,81.21,80,7,6.4
516,Narok,KE,2022-05-31 17:06:07,-1.0783,35.8601,58.91,85,45,5.26
517,Rosetta,EG,2022-05-31 17:06:08,31.4044,30.4164,72.43,78,0,10.96
518,Husavik,IS,2022-05-31 17:06:08,66.0449,-17.3389,47.21,83,64,7.81
519,Skelleftea,SE,2022-05-31 17:06:08,64.7507,20.9528,57.56,67,0,10.36
520,Chernihiv,UA,2022-05-31 17:06:09,51.0,32.0,58.77,80,54,10.27
521,Kilimatinde,TZ,2022-05-31 17:06:09,-5.85,34.95,73.06,51,97,4.16
522,Ust-Nera,RU,2022-05-31 17:06:09,64.5667,143.2,47.62,84,100,5.03
523,Komsomolskiy,UZ,2022-05-31 17:06:10,40.4272,71.7189,71.02,29,0,4.05
524,Minuri,PH,2022-05-31 17:06:10,16.535,121.8574,76.37,85,99,3.27
525,Port Hardy,CA,2022-05-31 17:06:10,50.6996,-127.4199,50.18,93,75,5.75
526,Atasu,KZ,2022-05-31 17:06:11,48.6814,71.6433,61.83,43,79,6.13
527,Phuthaditjhaba,ZA,2022-05-31 17:06:11,-28.5242,28.8158,41.88,39,6,4.9
528,Lenggries,DE,2022-05-31 17:02:00,47.6833,11.5667,63.25,97,98,1.48
529,Sarangani,PH,2022-05-31 17:06:12,5.4033,125.4636,82.51,78,74,4.09
530,Coihaique,CL,2022-05-31 17:06:12,-45.5752,-72.0662,27.21,100,100,5.75
531,Kalmunai,LK,2022-05-31 17:06:12,7.4167,81.8167,80.37,73,100,7.11
532,Agadir,MA,2022-05-31 17:06:13,30.4202,-9.5982,79.25,43,1,8.5
533,Terra Santa,BR,2022-05-31 17:06:13,-2.1042,-56.4869,85.03,72,64,4.25
534,Mehamn,NO,2022-05-31 17:06:13,71.0357,27.8492,49.95,66,0,11.5
535,San Isidro,PE,2022-05-31 17:06:14,-12.1167,-77.05,69.51,82,0,10.36
536,Sorong,ID,2022-05-31 17:06:14,-0.8833,131.25,80.15,82,100,3.51
537,Sioux Lookout,CA,2022-05-31 17:06:14,50.1001,-91.917,53.24,91,100,16.82
538,Yinchuan,CN,2022-05-31 17:06:15,38.4681,106.2731,68.67,23,2,6.35
539,Forecariah,GN,2022-05-31 17:06:15,9.4306,-13.0881,84.7,68,91,6.58
540,Penzance,GB,2022-05-31 17:06:15,50.1186,-5.5371,58.32,67,20,10.36
541,Kailua,US,2022-05-31 17:06:16,21.4022,-157.7394,76.64,78,40,10.36
542,Bonthe,SL,2022-05-31 17:06:16,7.5264,-12.505,83.12,72,76,8.99
543,Hafizabad,PK,2022-05-31 17:06:16,32.0679,73.6854,91.4,22,12,7.05
544,Challans,FR,2022-05-31 17:06:17,46.8436,-1.8749,70.0,45,58,11.61
545,Yar-Sale,RU,2022-05-31 17:06:17,66.8333,70.8333,47.17,48,99,18.28
546,Yaan,NG,2022-05-31 17:06:17,7.3833,8.5667,84.61,62,82,5.79
547,Vilhena,BR,2022-05-31 17:06:18,-12.7406,-60.1458,89.44,30,13,4.12
548,Katherine,AU,2022-05-31 17:06:18,-14.4667,132.2667,80.92,61,100,0.0
549,Flin Flon,CA,2022-05-31 17:06:18,54.7682,-101.865,42.55,71,100,15.55
