City_ID,City,Lat,Lng,Max Temp,Humidity,Cloudiness,Wind Speed,Country,Date
0,Shizukuishi,39.6833,140.9833,58.35,77,61,5.3,JP,2022-06-03 22:32:21
1,Ushuaia,-54.8,-68.3,42.46,49,75,18.41,AR,2022-06-03 22:29:29
2,Mataura,-46.1927,168.8643,41.49,87,68,2.3,NZ,2022-06-03 22:32:22
3,Vaini,-21.2,-175.2,78.96,89,20,6.91,TO,2022-06-03 22:32:22
4,Saint-Philippe,-21.3585,55.7679,69.39,72,41,12.39,RE,2022-06-03 22:32:22
5,Lazaro Cardenas,17.9583,-102.2,83.91,61,16,12.39,MX,2022-06-03 22:28:26
6,Meulaboh,4.1363,96.1285,76.17,81,98,1.63,ID,2022-06-03 22:32:23
7,Cidreira,-30.1811,-50.2056,58.51,68,92,9.1,BR,2022-06-03 22:32:23
8,Barrow,71.2906,-156.7887,32.02,80,100,19.57,US,2022-06-03 22:32:24
9,Arcata,40.8665,-124.0828,66.67,81,100,5.99,US,2022-06-03 22:31:50
10,Sao Joao Da Barra,-21.6403,-41.0511,71.8,80,72,18.57,BR,2022-06-03 22:32:24
11,Atbasar,51.8,68.3333,54.84,79,29,5.19,KZ,2022-06-03 22:32:24
12,Katsuura,35.1333,140.3,66.04,70,100,15.03,JP,2022-06-03 22:32:25
13,Busselton,-33.65,115.3333,55.08,63,87,7.27,AU,2022-06-03 22:32:25
14,Bluff,-46.6,168.3333,41.81,77,90,11.12,NZ,2022-06-03 22:32:25
15,Puerto Ayora,-0.7393,-90.3518,78.76,91,98,7.0,EC,2022-06-03 22:32:26
16,Stephenville Crossing,48.5,-58.4318,51.93,62,20,11.5,CA,2022-06-03 22:32:26
17,Kysyl-Syr,63.8986,122.7617,64.26,59,39,7.4,RU,2022-06-03 22:32:26
18,Kahului,20.8947,-156.47,82.42,67,40,17.27,US,2022-06-03 22:32:27
19,Yellowknife,62.456,-114.3525,68.56,32,20,13.8,CA,2022-06-03 22:32:27
20,Jamestown,42.097,-79.2353,71.24,35,0,6.91,US,2022-06-03 22:32:06
21,Punta Arenas,-53.15,-70.9167,41.11,56,75,21.85,CL,2022-06-03 22:29:03
22,Bathsheba,13.2167,-59.5167,83.01,78,40,21.85,BB,2022-06-03 22:32:27
23,Taihe,30.8712,105.3845,71.91,71,57,16.13,CN,2022-06-03 22:32:28
24,Rikitea,-23.1203,-134.9692,76.5,73,92,9.55,PF,2022-06-03 22:32:28
25,Kirakira,-10.4544,161.9205,84.96,67,100,9.64,SB,2022-06-03 22:32:28
26,Dingzhou,38.5131,114.9956,75.31,31,100,2.44,CN,2022-06-03 22:32:29
27,Hobart,-42.8794,147.3294,48.25,80,20,6.91,AU,2022-06-03 22:28:29
28,Yar-Sale,66.8333,70.8333,30.4,71,33,24.79,RU,2022-06-03 22:32:29
29,Mount Gambier,-37.8333,140.7667,46.31,100,100,12.66,AU,2022-06-03 22:32:30
30,Tecolutla,20.4833,-97.0167,91.26,64,1,13.8,MX,2022-06-03 22:32:30
31,Cherskiy,68.75,161.3,39.34,51,35,12.53,RU,2022-06-03 22:32:30
32,Cabo San Lucas,22.8909,-109.9124,86.61,45,0,9.22,MX,2022-06-03 22:28:41
33,Shenzhen,22.5455,114.0683,85.06,96,95,6.67,CN,2022-06-03 22:30:42
34,Shelburne,44.0787,-80.2041,70.59,74,45,9.64,CA,2022-06-03 22:32:31
35,Kodiak,57.79,-152.4072,63.91,39,0,4.61,US,2022-06-03 22:32:31
36,Sohag,26.557,31.6948,86.29,22,100,4.36,EG,2022-06-03 22:32:31
37,Bitung,1.4451,125.1824,76.05,82,100,3.29,ID,2022-06-03 22:29:21
38,Chokurdakh,70.6333,147.9167,42.51,52,87,12.82,RU,2022-06-03 22:32:32
39,Ribeira Grande,38.5167,-28.7,65.21,93,99,17.98,PT,2022-06-03 22:32:32
40,Khatanga,71.9667,102.5,32.56,92,100,19.57,RU,2022-06-03 22:32:32
41,Souillac,-20.5167,57.5167,73.78,78,75,14.97,MU,2022-06-03 22:32:33
42,Katobu,-4.9408,122.5276,76.96,90,71,2.57,ID,2022-06-03 22:32:33
43,Tuktoyaktuk,69.4541,-133.0374,33.8,80,75,10.36,CA,2022-06-03 22:32:33
44,Hermanus,-34.4187,19.2345,55.51,81,30,5.19,ZA,2022-06-03 22:32:34
45,Hay River,60.8156,-115.7999,71.56,35,20,11.5,CA,2022-06-03 22:32:34
46,New Norfolk,-42.7826,147.0587,48.92,88,64,2.35,AU,2022-06-03 22:32:34
47,Lusaka,-15.4067,28.2871,53.53,65,4,8.41,ZM,2022-06-03 22:31:33
48,Tuatapere,-46.1333,167.6833,44.37,80,98,4.03,NZ,2022-06-03 22:33:35
49,Mahebourg,-20.4081,57.7,73.69,78,75,14.97,MU,2022-06-03 22:33:35
50,Sinnamary,5.3833,-52.95,77.56,85,100,10.54,GF,2022-06-03 22:33:35
51,Kiknur,57.3034,47.2011,60.87,99,100,6.93,RU,2022-06-03 22:33:36
52,Sampit,-2.5333,112.95,74.14,97,86,1.14,ID,2022-06-03 22:33:36
53,Airai,-8.9266,125.4092,61.16,80,52,2.17,TL,2022-06-03 22:33:36
54,Bulungu,-4.55,18.6,72.05,62,20,1.34,CD,2022-06-03 22:33:37
55,Salalah,17.0151,54.0924,84.29,79,20,2.3,OM,2022-06-03 22:33:37
56,Maarianhamina,60.0973,19.9348,44.46,100,0,1.14,AX,2022-06-03 22:33:37
57,Lebu,-37.6167,-73.65,52.68,93,100,11.5,CL,2022-06-03 22:33:38
58,Traverse City,44.7631,-85.6206,63.73,54,75,11.5,US,2022-06-03 22:33:38
59,Maneromango,-7.1988,38.7848,63.48,90,0,3.96,TZ,2022-06-03 22:33:38
60,San Andres Itzapa,14.62,-90.8442,69.1,93,98,1.74,GT,2022-06-03 22:33:39
61,Kruisfontein,-34.0033,24.7314,52.99,51,2,6.02,ZA,2022-06-03 22:33:39
62,Severo-Kurilsk,50.6789,156.125,44.19,83,96,8.59,RU,2022-06-03 22:33:39
63,Saint-Augustin,51.226,-58.6502,45.16,81,100,11.45,CA,2022-06-03 22:33:40
64,Saint-Joseph,-21.3667,55.6167,68.38,71,24,13.13,RE,2022-06-03 22:33:40
65,Lokosovo,61.1333,74.8167,34.63,97,99,13.98,RU,2022-06-03 22:33:40
66,Bandarbeyla,9.4942,50.8122,77.92,83,97,23.55,SO,2022-06-03 22:33:41
67,Dikson,73.5069,80.5464,25.74,87,19,18.01,RU,2022-06-03 22:33:41
68,Ormara,25.2088,64.6357,81.01,88,1,20.36,PK,2022-06-03 22:33:41
69,Debre Tabor,11.85,38.0167,56.01,74,92,0.13,ET,2022-06-03 22:33:42
70,Atuona,-9.8,-139.0333,76.91,80,14,13.53,PF,2022-06-03 22:33:42
71,Flin Flon,54.7682,-101.865,51.64,50,75,13.8,CA,2022-06-03 22:33:42
72,Tavda,58.0425,65.2726,35.47,72,24,5.48,RU,2022-06-03 22:32:12
73,Campbellton,48.0075,-66.6727,50.45,84,99,11.07,CA,2022-06-03 22:33:43
74,Hithadhoo,-0.6,73.0833,83.68,71,88,11.65,MV,2022-06-03 22:33:43
75,Clyde River,70.4692,-68.5914,30.43,100,100,9.22,CA,2022-06-03 22:33:43
76,Hilo,19.7297,-155.09,92.28,75,75,9.22,US,2022-06-03 22:33:44
77,Port Elizabeth,-33.918,25.5701,59.61,50,0,7.27,ZA,2022-06-03 22:33:44
78,Luderitz,-26.6481,15.1594,66.15,28,1,7.87,NA,2022-06-03 22:33:44
79,Auki,-8.7676,160.7034,83.91,68,91,4.25,SB,2022-06-03 22:33:45
80,Petropavlovsk-Kamchatskiy,53.0452,158.6483,54.19,58,0,4.47,RU,2022-06-03 22:33:45
81,Leningradskiy,69.3833,178.4167,36.79,63,100,9.6,RU,2022-06-03 22:33:46
82,Kavaratti,10.5669,72.642,83.12,74,76,18.61,IN,2022-06-03 22:33:46
83,Nikolskoye,59.7035,30.7861,53.71,98,86,5.55,RU,2022-06-03 22:33:46
84,Udachnyy,66.4167,112.4,61.45,54,93,9.69,RU,2022-06-03 22:33:33
85,Ahipara,-35.1667,173.1667,61.07,61,80,6.42,NZ,2022-06-03 22:33:47
86,Mlimba,-8.8,35.8167,64.62,66,29,3.89,TZ,2022-06-03 22:33:47
87,Valday,57.9747,33.2525,46.72,96,48,6.06,RU,2022-06-03 22:33:47
88,Geraldton,-28.7667,114.6,48.61,81,67,5.75,AU,2022-06-03 22:33:48
89,Necochea,-38.5473,-58.7368,44.8,64,84,11.32,AR,2022-06-03 22:33:48
90,Bredasdorp,-34.5322,20.0403,50.47,90,89,4.38,ZA,2022-06-03 22:33:48
91,Narsaq,60.9167,-46.05,59.22,37,0,5.01,GL,2022-06-03 22:33:49
92,Cape Town,-33.9258,18.4232,61.38,84,33,3.44,ZA,2022-06-03 22:34:49
93,Nanortalik,60.1432,-45.2371,43.7,57,13,0.27,GL,2022-06-03 22:34:49
94,Santa Maria,-29.6842,-53.8069,45.7,76,0,3.44,BR,2022-06-03 22:34:50
95,Beringovskiy,63.05,179.3167,41.47,73,38,5.88,RU,2022-06-03 22:34:50
96,Albany,42.6001,-73.9662,75.16,46,1,5.99,US,2022-06-03 22:34:50
97,Faya,18.3851,42.4509,69.91,26,16,12.17,SA,2022-06-03 22:34:51
98,La Ronge,55.1001,-105.2842,66.42,13,20,13.8,CA,2022-06-03 22:34:51
99,Castro,-24.7911,-50.0119,52.79,89,97,8.9,BR,2022-06-03 22:34:51
100,Pedernales,18.0384,-71.744,83.01,71,97,10.8,DO,2022-06-03 22:34:52
101,Hervey Bay,-25.2986,152.8535,68.02,91,91,5.99,AU,2022-06-03 22:34:52
102,Tabou,4.423,-7.3528,78.44,86,79,8.16,CI,2022-06-03 22:34:52
103,Xining,36.6167,101.7667,49.96,84,82,0.74,CN,2022-06-03 22:34:52
104,Bethel,41.3712,-73.414,78.89,56,40,9.22,US,2022-06-03 22:34:53
105,Aklavik,68.2191,-135.0107,33.8,69,75,14.97,CA,2022-06-03 22:34:53
106,Bambous Virieux,-20.3428,57.7575,73.65,78,75,14.97,MU,2022-06-03 22:34:53
107,Barrie,44.4001,-79.6663,71.42,61,53,5.75,CA,2022-06-03 22:30:33
108,College,64.8569,-147.8028,77.29,26,75,8.05,US,2022-06-03 22:34:54
109,Dokka,60.84,10.0618,49.86,84,86,3.18,NO,2022-06-03 22:34:54
110,Remanso,-9.6179,-42.0831,81.55,56,100,5.37,BR,2022-06-03 22:34:55
111,Deputatskiy,69.3,139.9,50.79,80,50,2.82,RU,2022-06-03 22:34:55
112,Tanout,14.9709,8.8879,85.87,11,10,6.26,NE,2022-06-03 22:34:55
113,Arraial Do Cabo,-22.9661,-42.0278,67.86,94,75,4.61,BR,2022-06-03 22:34:56
114,Cravo Norte,6.3017,-70.2041,73.02,96,100,3.06,CO,2022-06-03 22:34:56
115,Port Macquarie,-31.4333,152.9167,53.89,86,68,6.53,AU,2022-06-03 22:34:56
116,Casper,42.8666,-106.3131,77.72,35,0,4.61,US,2022-06-03 22:31:58
117,Ilulissat,69.2167,-51.1,39.22,65,40,5.75,GL,2022-06-03 22:34:57
118,Kapaa,22.0752,-159.319,81.48,74,0,12.66,US,2022-06-03 22:34:57
119,Linxia,35.6003,103.2064,53.73,77,92,2.53,CN,2022-06-03 22:34:57
120,Youkounkoun,12.5333,-13.1333,81.12,64,58,9.35,GN,2022-06-03 22:34:58
121,Azangaro,-14.9167,-70.2167,46.36,67,73,5.88,PE,2022-06-03 22:34:58
122,Byron Bay,-28.65,153.6167,62.94,79,56,12.12,AU,2022-06-03 22:35:00
123,Viedma,-40.8135,-62.9967,49.87,57,100,17.25,AR,2022-06-03 22:35:00
124,East London,-33.0153,27.9116,64.02,31,40,6.73,ZA,2022-06-03 22:35:01
125,Qaanaaq,77.484,-69.3632,26.67,79,97,4.38,GL,2022-06-03 22:35:01
126,Dingle,10.9995,122.6711,80.56,80,32,2.93,PH,2022-06-03 22:35:01
127,Korosladany,46.9667,21.0833,66.97,65,83,4.54,HU,2022-06-03 22:35:02
128,Tucurui,-3.7661,-49.6725,74.95,94,95,1.7,BR,2022-06-03 22:35:02
129,Panaba,21.2833,-88.2667,83.08,66,46,13.47,MX,2022-06-03 22:35:02
130,Mahibadhoo,3.7833,72.9667,82.54,77,100,16.82,MV,2022-06-03 22:35:03
131,Safaga,26.7292,33.9365,85.64,34,81,12.19,EG,2022-06-03 22:35:03
132,Nanakuli,21.3906,-158.1547,83.1,61,75,9.22,US,2022-06-03 22:35:03
133,Fort Nelson,58.8053,-122.7002,76.59,27,75,11.5,CA,2022-06-03 22:35:04
134,Preobrazheniye,42.9019,133.9064,49.75,80,100,8.5,RU,2022-06-03 22:35:04
135,Amahai,-3.3333,128.9167,80.02,81,98,2.68,ID,2022-06-03 22:35:04
136,Nador,35.174,-2.9287,71.85,46,0,10.36,MA,2022-06-03 22:35:05
137,Mackenzie,55.2999,-123.1698,68.22,37,100,23.02,CA,2022-06-03 22:36:05
138,Upernavik,72.7868,-56.1549,32.38,90,87,6.31,GL,2022-06-03 22:36:06
139,Zyryanovsk,49.7386,84.2719,47.34,75,48,3.2,KZ,2022-06-03 22:36:06
140,Pangai,-19.8,-174.35,82.51,78,20,6.91,TO,2022-06-03 22:36:07
141,Camacha,33.0833,-16.3333,62.02,77,40,11.5,PT,2022-06-03 22:36:08
142,Bamiantong,44.9333,130.5333,56.84,78,99,6.89,CN,2022-06-03 22:36:08
143,Avarua,-21.2078,-159.775,80.65,61,87,18.41,CK,2022-06-03 22:36:08
144,Pancol,10.8715,119.4157,80.83,82,4,1.16,PH,2022-06-03 22:36:09
145,Chuy,-33.6971,-53.4616,47.43,86,10,5.23,UY,2022-06-03 22:36:09
146,Yayva,59.3303,57.2641,48.18,54,0,7.36,RU,2022-06-03 22:36:09
147,Torbay,47.6666,-52.7314,48.27,90,100,16.11,CA,2022-06-03 22:35:31
148,Ishigaki,24.3448,124.1572,82.53,94,20,9.22,JP,2022-06-03 22:36:10
149,Provideniya,64.3833,-173.3,51.75,58,99,5.37,RU,2022-06-03 22:36:10
150,Sept-Iles,50.2001,-66.3821,55.92,61,75,4.61,CA,2022-06-03 22:32:02
151,Grants,35.1473,-107.8514,84.43,5,0,16.11,US,2022-06-03 22:36:11
152,Ixtapa,20.7,-105.2,78.22,69,100,9.22,MX,2022-06-03 22:36:11
153,Tautira,-17.7333,-149.15,76.06,84,100,16.75,PF,2022-06-03 22:36:11
154,Daru,-9.0763,143.2092,80.83,84,98,12.82,PG,2022-06-03 22:36:12
155,Fare,-16.7,-151.0167,77.92,77,87,9.51,PF,2022-06-03 22:36:12
156,Avera,33.194,-82.5271,90.91,78,80,3.31,US,2022-06-03 22:36:12
157,Ganzhou,28.8184,115.4327,75.85,98,100,4.03,CN,2022-06-03 22:36:13
158,Pevek,69.7008,170.3133,30.2,90,100,15.1,RU,2022-06-03 22:36:13
159,Dicabisagan,17.0818,122.4157,81.63,82,72,5.68,PH,2022-06-03 22:36:13
160,Grand Gaube,-20.0064,57.6608,73.8,77,67,5.01,MU,2022-06-03 22:36:14
161,Bandar,2.05,99.75,72.82,87,100,2.26,ID,2022-06-03 22:36:14
162,Emerald,-23.5333,148.1667,64.35,88,58,9.55,AU,2022-06-03 22:35:28
163,Creel,27.75,-107.6333,61.47,61,100,10.09,MX,2022-06-03 22:36:14
164,Carauari,-4.8828,-66.8958,75.11,97,89,2.24,BR,2022-06-03 22:34:32
165,Flagstaff,35.1981,-111.6513,79.3,17,0,9.22,US,2022-06-03 22:36:15
166,Kashi,39.4547,75.9797,70.81,23,20,13.42,CN,2022-06-03 22:36:15
167,Iqaluit,63.7506,-68.5145,46.13,49,20,2.3,CA,2022-06-03 22:36:15
168,Talnakh,69.4865,88.3972,33.21,64,100,14.03,RU,2022-06-03 22:36:16
169,Melbu,68.5044,14.8297,49.82,93,100,8.05,NO,2022-06-03 22:36:16
170,Ancud,-41.8697,-73.8203,46.06,92,100,13.98,CL,2022-06-03 22:32:26
171,Carmen,18.6333,-91.8333,86.04,66,40,9.22,MX,2022-06-03 22:36:17
172,Talakan,50.3167,130.3667,55.78,67,96,8.01,RU,2022-06-03 22:36:17
173,Lotoshino,56.2267,35.6414,46.76,93,0,7.92,RU,2022-06-03 22:36:17
174,Lodwar,3.1191,35.5973,81.07,46,48,19.8,KE,2022-06-03 22:36:18
175,Kipini,-2.5257,40.5262,79.09,82,6,20.07,KE,2022-06-03 22:36:18
176,Katangli,51.7102,143.2326,45.66,75,46,10.36,RU,2022-06-03 22:36:18
177,Bengkulu,-3.8004,102.2655,74.73,86,62,3.91,ID,2022-06-03 22:36:19
178,Biltine,14.5333,20.9167,91.06,19,97,4.99,TD,2022-06-03 22:36:19
179,Hamilton,39.1834,-84.5333,80.94,34,40,8.05,US,2022-06-03 22:35:02
180,Hasanabad,36.5465,61.0543,73.74,20,1,6.91,IR,2022-06-03 22:36:20
181,Plouzane,48.3833,-4.6167,57.52,97,63,8.05,FR,2022-06-03 22:36:20
182,Port Blair,11.6667,92.75,81.82,80,98,12.77,IN,2022-06-03 22:37:20
183,Port Alfred,-33.5906,26.891,63.97,33,27,9.91,ZA,2022-06-03 22:37:20
184,Matadi,-5.8167,13.45,74.14,83,19,3.44,CD,2022-06-03 22:37:21
185,Lompoc,34.6391,-120.4579,75.78,77,100,14.97,US,2022-06-03 22:32:39
186,Hualmay,-11.0964,-77.6139,65.89,79,85,7.76,PE,2022-06-03 22:37:21
187,Aykhal,66.0,111.5,56.71,70,100,11.5,RU,2022-06-03 22:33:20
188,Agadez,19.75,10.25,83.64,10,0,4.36,NE,2022-06-03 22:37:22
189,Khudumelapye,-23.8833,24.75,51.62,47,0,6.98,BW,2022-06-03 22:37:22
190,Kpandu,6.9954,0.2931,77.0,85,63,8.08,GH,2022-06-03 22:37:22
191,Arukutti,9.8667,76.35,75.18,89,98,5.99,IN,2022-06-03 22:37:23
192,Prochnookopskaya,45.0666,41.1175,62.91,79,77,5.08,RU,2022-06-03 22:37:23
193,Sobolevo,54.4299,31.8996,47.48,91,12,5.32,RU,2022-06-03 22:37:23
194,Bambanglipuro,-7.95,110.2833,74.1,85,88,2.59,ID,2022-06-03 22:37:24
195,Batemans Bay,-35.7167,150.1833,46.09,77,4,5.57,AU,2022-06-03 22:37:24
196,Komsomolskiy,40.4272,71.7189,72.32,40,40,2.3,UZ,2022-06-03 22:37:24
197,Zhigansk,66.7697,123.3711,61.12,62,50,16.84,RU,2022-06-03 22:37:25
198,Walvis Bay,-22.9575,14.5053,72.55,23,68,10.36,NA,2022-06-03 22:37:25
199,Samarai,-10.6167,150.6667,81.5,83,100,15.68,PG,2022-06-03 22:37:25
200,Georgetown,5.4112,100.3354,78.75,89,40,9.22,MY,2022-06-03 22:34:35
201,Codrington,-38.2667,141.9667,48.49,92,83,10.83,AU,2022-06-03 22:37:26
202,Gimli,50.6336,-96.9907,60.82,25,17,12.66,CA,2022-06-03 22:36:28
203,Potsdam,52.3989,13.0657,68.05,59,100,8.19,DE,2022-06-03 22:37:26
204,Yulara,-25.2406,130.9889,50.38,63,0,5.28,AU,2022-06-03 22:37:26
205,Rio Gallegos,-51.6226,-69.2181,35.65,64,0,11.5,AR,2022-06-03 22:37:27
206,Longyearbyen,78.2186,15.6401,49.84,62,0,3.44,SJ,2022-06-03 22:37:27
207,Ponta Do Sol,32.6667,-17.1,65.03,71,39,4.94,PT,2022-06-03 22:37:28
208,Namatanai,-3.6667,152.4333,82.11,76,53,7.67,PG,2022-06-03 22:37:28
209,Nouadhibou,20.931,-17.0347,71.58,64,100,20.71,MR,2022-06-03 22:37:28
210,Olafsvik,64.8945,-23.7142,42.17,70,94,13.42,IS,2022-06-03 22:37:28
211,Porbandar,21.6422,69.6093,81.37,81,9,14.27,IN,2022-06-03 22:37:29
212,Saskylakh,71.9167,114.0833,38.55,98,100,6.69,RU,2022-06-03 22:37:29
213,Gudari,19.35,83.7833,80.78,87,100,2.68,IN,2022-06-03 22:37:29
214,Wilmington,34.2257,-77.9447,80.01,87,20,9.22,US,2022-06-03 22:35:29
215,Lagoa,39.05,-27.9833,64.42,88,100,8.08,PT,2022-06-03 22:37:30
216,Bethanien,-26.502,17.1583,54.7,28,0,5.68,NA,2022-06-03 22:37:30
217,Taoudenni,22.6783,-3.9836,99.16,10,82,11.07,ML,2022-06-03 22:37:31
218,Edd,13.9297,41.6925,84.85,70,45,8.14,ER,2022-06-03 22:37:31
219,Alofi,-19.0595,-169.9187,78.69,89,11,13.8,NU,2022-06-03 22:37:31
220,Marana,32.4367,-111.2254,103.98,7,0,10.36,US,2022-06-03 22:35:40
221,Kholm,59.2667,32.85,50.27,96,94,6.42,RU,2022-06-03 22:37:32
222,Padang,-0.9492,100.3543,76.84,78,77,3.06,ID,2022-06-03 22:37:32
223,Karatuzskoye,53.6072,92.8667,45.95,90,95,2.66,RU,2022-06-03 22:37:32
224,Paamiut,61.994,-49.6678,39.11,56,11,4.21,GL,2022-06-03 22:37:33
225,Bayburt,40.2589,40.2278,58.35,64,10,6.44,TR,2022-06-03 22:37:33
226,Muros,42.7762,-9.0603,63.09,92,70,7.29,ES,2022-06-03 22:37:33
227,Boshnyakovo,49.6333,142.1667,45.82,70,98,2.89,RU,2022-06-03 22:37:34
228,Havelock,34.8791,-76.9013,75.15,91,75,4.61,US,2022-06-03 22:37:34
229,Srednekolymsk,67.45,153.6833,46.26,45,100,12.57,RU,2022-06-03 22:38:34
230,Thompson,55.7435,-97.8558,41.16,87,100,8.05,CA,2022-06-03 22:38:35
231,Tashtagol,52.7657,87.8894,45.0,90,100,3.18,RU,2022-06-03 22:38:35
232,Baghdad,33.3406,44.4009,87.71,20,100,4.61,IQ,2022-06-03 22:38:35
233,Dehloran,32.6941,47.2679,96.17,7,32,9.4,IR,2022-06-03 22:38:36
234,Belousovka,50.1339,82.5239,63.45,36,75,2.24,KZ,2022-06-03 22:38:36
235,Idrinskoye,54.3708,92.1358,41.41,95,100,3.76,RU,2022-06-03 22:38:36
236,Inongo,-1.95,18.2667,70.25,89,67,2.33,CD,2022-06-03 22:38:37
237,Qaqortoq,60.7167,-46.0333,46.99,50,0,2.91,GL,2022-06-03 22:38:37
238,Taltal,-25.4,-70.4833,63.12,50,71,3.51,CL,2022-06-03 22:38:37
239,Yuli,9.6989,10.2744,82.81,53,86,7.65,NG,2022-06-03 22:38:38
240,Port Hardy,50.6996,-127.4199,59.18,77,75,4.61,CA,2022-06-03 22:38:38
241,Alta Floresta,-9.8756,-56.0861,84.02,65,20,2.3,BR,2022-06-03 22:38:38
242,San Patricio,28.017,-97.5169,92.16,46,69,9.57,US,2022-06-03 22:38:38
243,Caravelas,-17.7125,-39.2481,73.99,87,45,6.96,BR,2022-06-03 22:38:39
244,Fortuna,40.5982,-124.1573,63.86,76,100,8.05,US,2022-06-03 22:38:39
245,Kavieng,-2.5744,150.7967,83.26,68,38,11.72,PG,2022-06-03 22:38:39
246,Tarakan,3.3,117.6333,78.3,94,20,3.44,ID,2022-06-03 22:38:40
247,Khash,28.2211,61.2158,68.74,18,0,6.76,IR,2022-06-03 22:38:40
248,Tiznit,29.5833,-9.5,58.37,82,6,2.89,MA,2022-06-03 22:38:40
249,Ipswich,52.0592,1.1555,56.79,76,100,14.97,GB,2022-06-03 22:38:41
250,Vila,42.0304,-8.1588,51.69,90,72,2.68,PT,2022-06-03 22:38:41
251,Queenstown,-31.8976,26.8753,46.99,40,3,6.85,ZA,2022-06-03 22:38:41
252,Bonavista,48.6499,-53.1147,40.6,92,77,22.08,CA,2022-06-03 22:38:42
253,Moerai,-22.4333,-151.3333,73.92,70,100,23.98,PF,2022-06-03 22:38:42
254,Husavik,66.0449,-17.3389,42.4,82,94,10.67,IS,2022-06-03 22:38:42
255,Nkhotakota,-12.9274,34.2961,64.35,61,0,8.59,MW,2022-06-03 22:38:43
256,Acari,-15.4311,-74.6158,69.76,66,74,4.47,PE,2022-06-03 22:38:43
257,Sur,22.5667,59.5289,85.57,58,28,9.28,OM,2022-06-03 22:38:43
258,Bani,18.2833,-70.3333,87.24,78,89,8.93,DO,2022-06-03 22:38:44
259,Laguna,38.421,-121.4238,84.45,52,0,12.66,US,2022-06-03 22:38:44
260,Skjervoy,70.0311,20.9714,51.8,80,94,7.11,NO,2022-06-03 22:38:48
261,Vila Velha,-20.3297,-40.2925,75.15,88,75,13.8,BR,2022-06-03 22:36:07
262,Nabire,-3.3667,135.4833,78.22,88,84,2.95,ID,2022-06-03 22:38:49
263,Civitanova Marche,43.307,13.7206,72.86,72,69,1.01,IT,2022-06-03 22:38:49
264,Ponta Delgada,37.7333,-25.6667,65.12,94,40,4.61,PT,2022-06-03 22:38:49
265,Nhulunbuy,-12.2333,136.7667,79.41,89,40,6.91,AU,2022-06-03 22:38:50
266,Oktyabrskiy,54.4815,53.471,59.76,95,98,2.51,RU,2022-06-03 22:38:50
267,Raton,36.9034,-104.4391,70.41,28,100,12.66,US,2022-06-03 22:38:50
268,Awjilah,29.1081,21.2869,80.28,38,0,12.73,LY,2022-06-03 22:38:51
269,Lar,26.2039,83.9717,88.74,56,88,9.08,IN,2022-06-03 22:38:51
270,Sitka,57.0531,-135.33,64.29,59,75,8.05,US,2022-06-03 22:38:52
271,San Quintin,30.4833,-115.95,66.34,68,7,10.51,MX,2022-06-03 22:38:52
272,Letterkenny,54.95,-7.7333,48.54,93,4,3.87,IE,2022-06-03 22:38:52
273,Roebourne,-20.7833,117.1333,64.13,57,25,13.67,AU,2022-06-03 22:38:52
274,Bay City,43.5945,-83.8889,75.52,24,0,26.46,US,2022-06-03 22:38:53
275,Leh,34.1667,77.5833,45.5,57,19,4.76,IN,2022-06-03 22:39:53
276,Gizo,-8.103,156.8419,83.12,72,92,5.88,SB,2022-06-03 22:39:54
277,Robstown,27.7903,-97.6689,93.54,52,40,13.8,US,2022-06-03 22:39:54
278,Nebolchi,59.1239,33.3454,48.22,97,87,5.84,RU,2022-06-03 22:39:54
279,Sao Filipe,14.8961,-24.4956,75.6,72,63,15.12,CV,2022-06-03 22:39:54
280,Praia,14.9215,-23.5087,75.74,73,20,24.16,CV,2022-06-03 22:38:28
281,Gornopravdinsk,60.05,69.9,31.1,77,69,6.78,RU,2022-06-03 22:39:55
282,Luau,-10.7073,22.2247,57.09,58,29,4.83,AO,2022-06-03 22:39:55
283,Bam,29.106,58.357,76.66,14,0,9.89,IR,2022-06-03 22:39:56
284,Kaitangata,-46.2817,169.8464,46.72,70,30,5.06,NZ,2022-06-03 22:39:56
285,Lorengau,-2.0226,147.2712,83.77,67,28,9.75,PG,2022-06-03 22:39:56
286,Jacareacanga,-6.2222,-57.7528,74.66,96,85,2.13,BR,2022-06-03 22:39:57
287,Acapulco,16.8634,-99.8901,85.82,70,40,5.75,MX,2022-06-03 22:39:57
288,Grand Forks,47.9417,-97.4337,73.33,25,40,14.97,US,2022-06-03 22:36:55
289,Lubao,14.9167,120.55,82.11,74,21,0.63,PH,2022-06-03 22:39:57
290,Porto Walter,-8.2686,-72.7439,73.63,95,88,0.87,BR,2022-06-03 22:39:58
291,Touros,-5.1989,-35.4608,77.32,84,99,6.93,BR,2022-06-03 22:39:58
292,Fairbanks,64.8378,-147.7164,77.31,26,75,8.05,US,2022-06-03 22:39:58
293,Sibu,2.3,111.8167,73.71,94,40,1.14,MY,2022-06-03 22:39:59
294,Butaritari,3.0707,172.7902,80.64,75,43,7.29,KI,2022-06-03 22:39:59
295,Hermiston,45.8404,-119.2895,73.63,64,100,1.01,US,2022-06-03 22:39:24
296,Morondava,-20.2833,44.2833,70.97,61,0,11.23,MG,2022-06-03 22:39:59
297,Lavrentiya,65.5833,-171.0,48.76,56,60,8.46,RU,2022-06-03 22:40:00
298,Tasiilaq,65.6145,-37.6368,30.36,74,2,5.14,GL,2022-06-03 22:40:00
299,Bonfim,3.0833,-59.95,78.49,78,79,6.51,BR,2022-06-03 22:40:00
300,Agadir,30.4202,-9.5982,68.45,84,0,5.82,MA,2022-06-03 22:40:01
301,Upata,8.0086,-62.3989,75.2,92,70,5.7,VE,2022-06-03 22:40:02
302,Carnarvon,-24.8667,113.6333,62.35,49,35,13.76,AU,2022-06-03 22:40:02
303,Kununurra,-15.7667,128.7333,76.98,78,65,6.91,AU,2022-06-03 22:40:02
304,Parana,-31.732,-60.5238,53.56,65,9,11.25,AR,2022-06-03 22:38:23
305,Saldanha,-33.0117,17.9442,46.45,81,47,9.13,ZA,2022-06-03 22:40:03
306,Matagami,49.7502,-77.6328,68.11,37,75,5.75,CA,2022-06-03 22:40:03
307,Roma,43.2128,-75.4557,73.54,49,0,14.0,US,2022-06-03 22:36:41
308,Gat,31.61,34.7642,78.4,57,0,3.69,IL,2022-06-03 22:40:04
309,Grindavik,63.8424,-22.4338,46.35,76,100,13.8,IS,2022-06-03 22:40:04
310,Kargil,34.5667,76.1,45.09,49,6,5.12,IN,2022-06-03 22:40:04
311,Shagonar,51.5333,92.8,51.46,62,99,0.58,RU,2022-06-03 22:40:05
312,Maloy,61.9353,5.1136,47.93,96,98,12.03,NO,2022-06-03 22:40:05
313,Ewa Beach,21.3156,-158.0072,83.08,60,75,9.22,US,2022-06-03 22:40:05
314,Vao,-22.6667,167.4833,71.19,64,5,11.23,NC,2022-06-03 22:40:06
315,Rayong,12.8333,101.4333,84.79,99,100,5.12,TH,2022-06-03 22:40:06
316,Flinders,-34.5833,150.8552,55.06,66,37,11.99,AU,2022-06-03 22:40:06
317,Two Rivers,44.1539,-87.5693,73.89,50,0,13.8,US,2022-06-03 22:40:07
318,Kihei,20.785,-156.4656,82.42,69,40,17.27,US,2022-06-03 22:35:56
319,Alice Springs,-23.7,133.8833,40.55,100,0,0.0,AU,2022-06-03 22:41:07
320,Berlevag,70.8578,29.0864,42.75,93,100,12.66,NO,2022-06-03 22:41:08
321,Inirida,3.8653,-67.9239,71.85,98,100,1.1,CO,2022-06-03 22:41:08
322,Myitkyina,25.3833,97.4,73.36,99,99,0.89,MM,2022-06-03 22:41:08
323,Saryg-Sep,51.5,95.6,44.22,49,38,4.27,RU,2022-06-03 22:41:09
324,Esso,55.9333,158.7,53.02,58,97,4.03,RU,2022-06-03 22:41:09
325,Kampong Thum,12.7111,104.8887,77.07,93,100,2.62,KH,2022-06-03 22:41:09
326,Djougou,9.7085,1.666,75.34,69,73,5.3,BJ,2022-06-03 22:41:10
327,Chifeng,42.2683,118.9636,68.2,63,100,10.78,CN,2022-06-03 22:41:10
328,Hofn,64.2539,-15.2082,51.93,77,100,6.51,IS,2022-06-03 22:41:10
329,Manga,11.6636,-1.0731,91.18,36,62,7.96,BF,2022-06-03 22:41:11
330,Mar Del Plata,-38.0023,-57.5575,50.09,70,0,5.75,AR,2022-06-03 22:39:11
331,Scarborough,54.2797,-0.4044,51.93,83,10,3.0,GB,2022-06-03 22:41:11
332,Coihaique,-45.5752,-72.0662,35.55,80,75,2.3,CL,2022-06-03 22:37:00
333,Umm Lajj,25.0213,37.2685,84.09,48,14,8.43,SA,2022-06-03 22:41:12
334,Chara,56.9064,118.2631,56.75,58,96,4.16,RU,2022-06-03 22:41:12
335,Valparaiso,-33.0393,-71.6273,53.83,91,100,4.61,CL,2022-06-03 22:41:12
336,Prieska,-29.6641,22.7474,54.21,40,0,5.5,ZA,2022-06-03 22:41:12
337,La Plata,-34.9215,-57.9545,47.82,71,48,8.48,AR,2022-06-03 22:41:13
338,Dali,25.7,100.1833,62.58,91,49,3.69,CN,2022-06-03 22:41:13
339,Ranau,5.9538,116.6641,70.5,94,66,0.92,MY,2022-06-03 22:41:14
340,Campeche,19.0,-90.5,81.46,74,56,5.3,MX,2022-06-03 22:41:14
341,Kolchugino,56.3,39.3833,46.67,94,0,5.21,RU,2022-06-03 22:41:14
342,Zaozerne,45.1582,33.2787,68.67,71,19,16.06,UA,2022-06-03 22:41:14
343,Porto Santo,33.072,-16.3415,64.78,77,40,11.5,PT,2022-06-03 22:41:15
344,Krasnyy Yar,46.5331,48.3456,64.33,46,13,6.26,RU,2022-06-03 22:41:15
345,Alugan,12.2188,125.4808,83.44,72,85,4.34,PH,2022-06-03 22:41:16
346,Portland,45.5234,-122.6762,64.99,68,100,9.22,US,2022-06-03 22:37:30
347,Buerarema,-14.9594,-39.2997,77.59,97,99,1.77,BR,2022-06-03 22:41:16
348,San Cristobal,7.7669,-72.225,73.58,93,90,4.56,VE,2022-06-03 22:41:16
349,Lakatoro,-16.0999,167.4164,82.22,74,37,13.22,VU,2022-06-03 22:41:17
350,Mehamn,71.0357,27.8492,42.71,90,99,8.86,NO,2022-06-03 22:41:17
351,Hambantota,6.1241,81.1185,78.82,84,93,17.13,LK,2022-06-03 22:41:17
352,Roura,4.7263,-52.3274,80.96,89,20,2.3,GF,2022-06-03 22:41:18
353,Nome,64.5011,-165.4064,67.15,49,0,18.41,US,2022-06-03 22:40:45
354,Atar,20.5169,-13.0499,90.64,23,99,10.92,MR,2022-06-03 22:41:18
355,Anloga,5.7947,0.8973,81.99,79,100,13.35,GH,2022-06-03 22:41:18
356,Ramos Arizpe,25.55,-100.9667,75.96,53,40,13.8,MX,2022-06-03 22:41:19
357,Shubarshi,48.5872,57.1869,63.99,51,0,5.21,KZ,2022-06-03 22:41:19
358,Godfrey,38.9556,-90.1868,83.12,36,20,3.44,US,2022-06-03 22:41:19
359,Buin,-33.7333,-70.75,51.12,90,100,3.65,CL,2022-06-03 22:41:20
360,Vallenar,-28.5708,-70.7581,59.65,28,100,2.64,CL,2022-06-03 22:41:20
361,Cabcaben,14.454,120.5914,83.14,72,46,1.07,PH,2022-06-03 22:41:20
362,Adrar,20.5022,-10.0711,87.71,25,98,17.47,MR,2022-06-03 22:41:21
363,Itoman,26.1247,127.6694,77.4,100,75,4.61,JP,2022-06-03 22:41:21
364,Nantucket,41.2835,-70.0995,66.34,90,75,12.66,US,2022-06-03 22:41:21
365,Soissons,49.3333,3.3333,61.41,92,39,5.28,FR,2022-06-03 22:41:22
366,Itarema,-2.9248,-39.9167,76.87,86,99,7.65,BR,2022-06-03 22:42:22
367,Malartic,48.1335,-78.1328,68.11,43,94,5.61,CA,2022-06-03 22:42:22
368,Severodvinsk,64.5635,39.8302,66.31,77,100,13.85,RU,2022-06-03 22:42:23
369,Huarmey,-10.0681,-78.1522,66.99,80,75,6.02,PE,2022-06-03 22:42:23
370,Timiryazevskoye,56.49,84.8769,31.08,92,44,1.97,RU,2022-06-03 22:42:23
371,Kushiro,42.975,144.3747,50.95,71,75,3.44,JP,2022-06-03 22:42:24
372,Khani,41.9563,42.9566,60.37,67,77,6.31,GE,2022-06-03 22:42:24
373,Mayo,38.8876,-76.5119,81.01,44,0,10.36,US,2022-06-03 22:42:24
374,Prince Rupert,54.3161,-130.3201,64.49,77,75,11.5,CA,2022-06-03 22:37:44
375,Cansancao,-10.6672,-39.4992,71.04,74,93,6.71,BR,2022-06-03 22:42:25
376,Solano,38.2333,-121.9511,80.92,51,40,20.71,US,2022-06-03 22:42:25
377,Virginia Beach,36.8529,-75.978,80.01,70,75,8.05,US,2022-06-03 22:40:21
378,Chiang Rai,19.9167,99.9167,76.98,98,0,4.61,TH,2022-06-03 22:42:25
379,Pemberton,50.3164,-122.8027,56.89,90,100,8.01,CA,2022-06-03 22:42:26
380,Kushima,31.4583,131.2333,73.92,70,3,4.14,JP,2022-06-03 22:42:26
381,Mitzic,0.7821,11.549,68.92,97,100,2.26,GA,2022-06-03 22:42:26
382,Svolvaer,68.2342,14.5683,54.5,87,71,5.26,NO,2022-06-03 22:42:27
383,Kitui,-1.367,38.0106,58.05,78,36,3.62,KE,2022-06-03 22:42:27
384,Havre-Saint-Pierre,50.2334,-63.5986,55.76,58,0,6.91,CA,2022-06-03 22:42:27
385,Krotoszyn,51.6987,17.4374,62.55,75,65,8.19,PL,2022-06-03 22:42:28
386,Shache,38.4167,77.2406,70.72,29,63,13.82,CN,2022-06-03 22:42:28
387,Port Lincoln,-34.7333,135.8667,56.7,71,57,17.67,AU,2022-06-03 22:42:29
388,Yaan,7.3833,8.5667,77.29,79,79,8.23,NG,2022-06-03 22:42:29
389,Krasnyy Chikoy,50.3643,108.7512,46.8,97,100,5.06,RU,2022-06-03 22:42:29
390,Minna,9.6139,6.5569,74.35,61,99,1.41,NG,2022-06-03 22:42:30
391,Kloulklubed,7.0419,134.2556,77.5,71,30,2.71,PW,2022-06-03 22:42:30
392,Arlit,18.7369,7.3853,88.32,9,0,11.65,NE,2022-06-03 22:42:30
393,Te Anau,-45.4167,167.7167,42.26,77,64,0.94,NZ,2022-06-03 22:42:31
394,Saint George,37.1041,-113.5841,95.63,9,0,14.97,US,2022-06-03 22:42:31
395,Wajir,1.7471,40.0573,74.66,69,89,16.67,KE,2022-06-03 22:42:31
396,Pereira Barreto,-20.6383,-51.1092,70.27,69,36,6.26,BR,2022-06-03 22:42:31
397,Vabalninkas,55.9667,24.75,46.89,96,78,7.05,LT,2022-06-03 22:42:32
398,Emba,48.8264,58.1442,63.18,60,4,3.67,KZ,2022-06-03 22:42:32
399,Zabid,14.1951,43.3152,84.51,57,67,5.37,YE,2022-06-03 22:42:33
400,Pisco,-13.7,-76.2167,61.02,94,100,6.91,PE,2022-06-03 22:42:33
401,Cockburn Town,21.4612,-71.1419,82.36,74,40,9.22,TC,2022-06-03 22:42:33
402,Omsukchan,62.5333,155.8,62.76,43,100,3.2,RU,2022-06-03 22:42:34
403,Westport,41.1415,-73.3579,77.56,71,0,3.44,US,2022-06-03 22:41:43
404,Homer,59.6425,-151.5483,73.78,58,0,10.36,US,2022-06-03 22:42:34
405,Hobyo,5.3505,48.5268,77.7,84,21,25.17,SO,2022-06-03 22:42:35
406,Turukhansk,65.8167,87.9833,38.16,70,60,12.68,RU,2022-06-03 22:42:35
407,Biu,10.6129,12.1946,81.59,39,85,1.74,NG,2022-06-03 22:42:35
408,Ken Caryl,39.5773,-105.1169,72.77,45,97,13.0,US,2022-06-03 22:42:36
409,Saint-Pierre,-21.3393,55.4781,73.9,68,0,9.22,RE,2022-06-03 22:42:36
410,Sola,-13.8833,167.55,81.16,66,43,16.96,VU,2022-06-03 22:42:36
411,Tecoanapa,16.5167,-98.75,83.68,71,81,9.35,MX,2022-06-03 22:42:37
412,Anamur,36.0751,32.8369,72.21,72,1,2.59,TR,2022-06-03 22:43:37
413,Kupang,-10.1667,123.5833,76.64,83,44,5.37,ID,2022-06-03 22:43:37
414,Doha,25.2867,51.5333,87.78,37,0,2.3,QA,2022-06-03 22:43:38
415,Zwedru,6.0667,-8.1281,72.52,99,96,1.57,LR,2022-06-03 22:43:38
416,Monaghan,54.25,-6.9667,47.21,96,13,6.96,IE,2022-06-03 22:43:38
417,Chicama,-7.8447,-79.1469,59.54,78,54,7.78,PE,2022-06-03 22:43:39
418,Youhao,47.8667,128.8333,56.75,66,100,10.42,CN,2022-06-03 22:43:39
419,Kamiiso,41.8167,140.65,53.98,87,75,2.3,JP,2022-06-03 22:43:39
420,Norman Wells,65.282,-126.8329,50.04,71,100,21.85,CA,2022-06-03 22:43:40
421,Diego De Almagro,-26.3667,-70.05,57.72,23,92,3.09,CL,2022-06-03 22:43:40
422,Road Town,18.4167,-64.6167,84.24,65,20,8.05,VG,2022-06-03 22:43:40
423,Rundu,-17.9333,19.7667,50.34,59,5,6.17,NA,2022-06-03 22:43:41
424,Tiarei,-17.5333,-149.3333,84.22,80,99,15.99,PF,2022-06-03 22:43:41
425,Inhambane,-23.865,35.3833,68.63,81,21,8.05,MZ,2022-06-03 22:43:41
426,Chandbali,20.7833,86.7667,82.94,86,99,12.01,IN,2022-06-03 22:43:42
427,Trois-Rivieres,46.3501,-72.5491,64.89,81,75,11.5,CA,2022-06-03 22:42:55
428,Tateyama,34.9833,139.8667,66.24,69,90,11.77,JP,2022-06-03 22:43:42
429,Phuket,8.0,98.25,86.13,84,20,2.3,TH,2022-06-03 22:43:43
430,Roros,62.5747,11.3842,44.44,87,100,4.61,NO,2022-06-03 22:43:43
431,Los Llanos De Aridane,28.6585,-17.9182,64.15,90,0,13.8,ES,2022-06-03 22:43:43
432,La Mira,18.035,-102.3266,83.44,61,12,11.54,MX,2022-06-03 22:43:43
433,Sikonge,-5.6333,32.7667,62.31,53,64,7.09,TZ,2022-06-03 22:43:44
434,Baykit,61.67,96.37,37.06,98,99,4.97,RU,2022-06-03 22:43:44
435,Chor,25.5167,69.7667,82.13,64,84,18.77,PK,2022-06-03 22:43:44
436,Plettenberg Bay,-34.0527,23.3716,55.56,51,8,5.14,ZA,2022-06-03 22:43:45
437,Praia Da Vitoria,38.7333,-27.0667,68.25,88,75,10.89,PT,2022-06-03 22:43:45
438,Miri,4.4148,114.0089,77.14,94,20,2.3,MY,2022-06-03 22:43:45
439,Korla,41.7597,86.1469,67.15,46,73,13.04,CN,2022-06-03 22:43:46
440,Tadine,-21.55,167.8833,73.17,65,11,9.62,NC,2022-06-03 22:43:46
441,Nizwa,22.9333,57.5333,81.07,37,2,1.61,OM,2022-06-03 22:43:46
442,Pacific Grove,36.6177,-121.9166,73.45,74,40,11.5,US,2022-06-03 22:43:47
443,Tilichiki,60.4667,166.1,58.48,42,5,2.93,RU,2022-06-03 22:43:47
444,Kaeo,-35.1,173.7833,57.33,92,96,4.76,NZ,2022-06-03 22:43:47
445,Lifford,54.8319,-7.4836,47.95,94,3,4.43,IE,2022-06-03 22:43:48
446,Las Varas,21.1667,-105.1667,80.29,67,5,7.23,MX,2022-06-03 22:43:48
447,Miracema Do Tocantins,-9.5618,-48.3967,78.4,45,21,2.24,BR,2022-06-03 22:43:48
448,Haines Junction,60.7522,-137.5108,78.75,14,77,5.75,CA,2022-06-03 22:43:49
449,Mount Isa,-20.7333,139.5,60.57,72,75,10.36,AU,2022-06-03 22:43:49
450,Dongying,37.4564,118.4856,76.98,59,100,13.49,CN,2022-06-03 22:43:49
451,Abu Samrah,35.3029,37.1841,71.55,34,0,6.69,SY,2022-06-03 22:43:50
452,Guane,22.2025,-84.0875,79.93,85,87,12.39,CU,2022-06-03 22:43:50
453,Pak Phanang,8.3511,100.202,78.57,81,100,6.17,TH,2022-06-03 22:43:50
454,Cabatuan,10.8794,122.486,80.15,80,18,3.22,PH,2022-06-03 22:43:51
455,Sabzevar,36.2126,57.6819,74.48,27,0,11.5,IR,2022-06-03 22:43:51
456,Rochester,43.1548,-77.6156,71.74,44,40,10.36,US,2022-06-03 22:41:29
457,Ploemeur,47.7333,-3.4333,62.62,85,0,3.44,FR,2022-06-03 22:43:51
458,Rawson,-43.3002,-65.1023,49.3,59,100,23.17,AR,2022-06-03 22:43:52
459,Nyurba,63.2842,118.3319,61.59,68,49,4.18,RU,2022-06-03 22:44:52
460,Stykkisholmur,65.0757,-22.7297,41.9,72,92,14.07,IS,2022-06-03 22:44:52
461,Kamenka,51.3223,42.7678,60.4,94,97,6.4,RU,2022-06-03 22:44:53
462,Tiksi,71.6872,128.8694,39.97,93,100,6.6,RU,2022-06-03 22:44:53
463,Dalby,-27.1833,151.2667,58.06,82,92,15.55,AU,2022-06-03 22:44:53
464,Garcia,25.8167,-100.5833,86.13,59,91,10.22,MX,2022-06-03 22:42:48
465,Sosua,19.7667,-70.5167,91.38,79,20,11.5,DO,2022-06-03 22:44:54
466,Chiriqui Grande,8.95,-82.1167,81.3,82,100,1.05,PA,2022-06-03 22:44:54
467,Kichmengskiy Gorodok,59.9816,45.7854,59.81,96,98,8.08,RU,2022-06-03 22:44:55
468,Honningsvag,70.9821,25.9704,49.75,93,100,0.0,NO,2022-06-03 22:44:55
469,Shingu,33.7333,135.9833,72.68,48,83,2.8,JP,2022-06-03 22:44:55
470,Rawatsar,29.2833,74.3833,88.63,10,0,7.09,IN,2022-06-03 22:44:55
471,Poum,-20.2333,164.0167,76.53,69,64,18.14,NC,2022-06-03 22:44:56
472,Zhigalovo,54.8097,105.1578,48.15,68,2,1.43,RU,2022-06-03 22:44:56
473,Beloha,-25.1667,45.05,64.71,74,3,9.71,MG,2022-06-03 22:44:56
474,Boa Vista,2.8197,-60.6733,85.98,58,75,5.75,BR,2022-06-03 22:44:57
475,Le Port,-20.9373,55.2919,74.25,46,43,7.63,RE,2022-06-03 22:44:57
476,Limbang,4.75,115.0,78.06,96,100,1.66,MY,2022-06-03 22:44:57
477,Gamba,-2.65,10.0,73.08,92,60,4.12,GA,2022-06-03 22:44:58
478,Gairo,39.8497,9.5047,63.61,43,40,3.13,IT,2022-06-03 22:44:58
479,Namibe,-15.1961,12.1522,73.31,52,18,3.91,AO,2022-06-03 22:44:58
480,Bosaso,11.2842,49.1816,85.98,64,18,2.42,SO,2022-06-03 22:44:59
481,Orlik,52.5178,99.825,42.69,55,4,3.6,RU,2022-06-03 22:44:59
482,Camopi,3.1655,-52.3158,72.23,99,96,2.42,GF,2022-06-03 22:44:59
483,Khandyga,62.6667,135.6,70.47,49,42,2.48,RU,2022-06-03 22:45:00
484,Victoria,22.2855,114.1577,84.38,85,99,13.0,HK,2022-06-03 22:40:58
485,Muncar,-8.4333,114.3333,75.31,92,73,2.26,ID,2022-06-03 22:45:00
486,Kamaishi,39.2667,141.8833,56.53,84,26,1.01,JP,2022-06-03 22:45:00
487,Svetlaya,46.5389,138.3297,45.34,85,99,10.76,RU,2022-06-03 22:45:01
488,Kayes,14.0,-11.0,97.03,24,17,4.03,ML,2022-06-03 22:45:01
489,Aksay,47.26,39.87,74.25,49,51,7.0,RU,2022-06-03 22:45:01
490,Valdivia,-39.8142,-73.2459,50.09,97,100,5.1,CL,2022-06-03 22:42:18
491,Little Current,45.9793,-81.9248,55.45,74,61,22.12,CA,2022-06-03 22:45:02
492,Zhangye,38.9342,100.4517,64.18,43,96,3.8,CN,2022-06-03 22:45:02
493,Chandler,33.3062,-111.8412,105.12,10,0,17.27,US,2022-06-03 22:41:41
494,Cuiaba,-15.5961,-56.0967,73.33,78,0,5.75,BR,2022-06-03 22:45:07
495,Vera Cruz,-12.6333,-41.0333,74.77,62,99,6.46,BR,2022-06-03 22:45:07
496,Labuhan,-6.8844,112.2051,76.6,88,48,6.51,ID,2022-06-03 22:45:07
497,Baishishan,43.5833,127.5667,52.92,98,100,5.41,CN,2022-06-03 22:45:08
498,Fredericksburg,38.3032,-77.4605,79.61,48,0,6.91,US,2022-06-03 22:41:15
499,Ternate,0.8,127.4,81.1,79,98,4.81,ID,2022-06-03 22:45:08
500,Constitucion,-35.3333,-72.4167,53.67,93,100,20.11,CL,2022-06-03 22:45:08
501,Klaksvik,62.2266,-6.589,50.92,86,100,10.98,FO,2022-06-03 22:45:09
502,Serenje,-13.2325,30.2352,47.37,93,4,5.84,ZM,2022-06-03 22:45:09
503,Shitkino,56.3703,98.3543,40.26,81,69,1.34,RU,2022-06-03 22:45:09
504,Kuloy,61.0305,42.4925,59.95,98,100,6.15,RU,2022-06-03 22:45:10
505,Barreirinhas,-2.7469,-42.8264,75.67,90,100,3.74,BR,2022-06-03 22:45:10
506,Arman,59.7,150.1667,57.02,82,87,5.14,RU,2022-06-03 22:46:10
507,Ambilobe,-13.2,49.05,68.25,78,16,3.83,MG,2022-06-03 22:46:11
508,Ciudad Del Maiz,22.4,-99.6,82.42,31,5,15.21,MX,2022-06-03 22:46:11
509,Vostok,46.4856,135.8833,45.03,84,100,1.48,RU,2022-06-03 22:46:11
510,Tsabong,-26.0217,22.401,56.34,40,0,9.01,BW,2022-06-03 22:46:12
511,Tutoia,-2.7619,-42.2744,77.31,85,98,5.06,BR,2022-06-03 22:46:12
512,Aripuana,-9.1667,-60.6333,77.88,72,28,0.54,BR,2022-06-03 22:46:12
513,Atocha,-20.9333,-66.2333,40.8,33,15,8.01,BO,2022-06-03 22:46:13
514,Kiunga,-6.1219,141.2906,78.53,88,84,2.19,PG,2022-06-03 22:46:13
515,Cherepanovo,54.2222,83.381,38.28,74,84,4.79,RU,2022-06-03 22:46:13
516,Nelson Bay,-32.7167,152.15,53.11,83,38,3.0,AU,2022-06-03 22:46:14
517,Dwarka,22.2394,68.9678,81.73,79,14,17.65,IN,2022-06-03 22:46:14
518,Solnechnyy,50.7214,136.6319,52.07,83,70,4.97,RU,2022-06-03 22:46:14
519,Keti Bandar,24.1447,67.4497,81.37,85,20,20.62,PK,2022-06-03 22:46:15
520,Kaka,37.3482,59.6143,74.1,23,1,2.98,TM,2022-06-03 22:46:15
521,Manono,-7.3,27.4167,69.26,58,4,4.47,CD,2022-06-03 22:46:16
522,Rochegda,62.8,43.25,60.4,48,98,13.42,RU,2022-06-03 22:46:16
523,Lerwick,60.1545,-1.1494,44.6,88,88,4.81,GB,2022-06-03 22:46:16
524,Jalpaiguri,26.5167,88.7333,74.95,97,80,6.08,IN,2022-06-03 22:46:17
525,Cuauhtemoc,28.4167,-106.8667,77.31,24,89,9.71,MX,2022-06-03 22:46:17
526,Oyama,36.3,139.8,68.59,53,48,2.82,JP,2022-06-03 22:43:13
527,Kieta,-6.2167,155.6333,83.88,70,61,3.78,PG,2022-06-03 22:46:17
528,Dabhol,17.6,73.1667,79.38,82,73,5.57,IN,2022-06-03 22:46:18
529,Guerrero Negro,27.9769,-114.0611,70.0,57,0,18.21,MX,2022-06-03 22:46:18
530,Hukuntsi,-24.0,21.75,53.46,39,0,8.21,BW,2022-06-03 22:46:18
531,Palora,-1.7,-77.9333,69.91,98,100,1.48,EC,2022-06-03 22:46:19
532,Kutum,14.2,24.6667,74.37,56,72,12.46,SD,2022-06-03 22:46:19
533,Iracoubo,5.4802,-53.2011,77.25,85,100,10.27,GF,2022-06-03 22:46:19
534,Ahuimanu,21.4447,-157.8378,82.85,63,0,12.66,US,2022-06-03 22:46:20
535,Kalmunai,7.4167,81.8167,77.94,85,99,6.82,LK,2022-06-03 22:46:20
536,Kenora,49.8167,-94.4337,59.97,31,40,18.41,CA,2022-06-03 22:46:21
537,Xuddur,4.1213,43.8894,70.75,81,79,14.16,SO,2022-06-03 22:46:21
538,Saint-Leu,-21.15,55.2833,73.31,65,27,6.38,RE,2022-06-03 22:46:21
539,Zyryanka,65.75,150.85,66.16,42,99,12.24,RU,2022-06-03 22:46:22
540,Ulaanbaatar,47.9077,106.8832,41.13,75,75,15.66,MN,2022-06-03 22:46:22
541,Kuito,-12.3833,16.9333,50.92,60,31,4.21,AO,2022-06-03 22:46:22
542,Rudnogorsk,57.2639,103.7519,45.72,75,27,4.07,RU,2022-06-03 22:46:23
543,Egvekinot,66.3167,-179.1667,33.48,88,100,3.76,RU,2022-06-03 22:46:23
544,Carballo,43.213,-8.691,61.29,94,83,1.34,ES,2022-06-03 22:46:23
545,Chernyy Yar,48.0624,46.1091,68.79,38,5,7.78,RU,2022-06-03 22:46:24
546,Chingirlau,51.095,54.0814,64.76,61,56,5.28,KZ,2022-06-03 22:46:24
547,Ndele,8.4109,20.6473,68.83,97,100,3.58,CF,2022-06-03 22:46:24
548,Isangel,-19.55,169.2667,76.98,73,10,8.37,VU,2022-06-03 22:46:25
549,Francisco Sa,-16.4758,-43.4883,75.34,49,67,7.29,BR,2022-06-03 22:46:25
550,Tommot,58.9564,126.2925,63.66,52,3,6.22,RU,2022-06-03 22:46:25
551,Labytnangi,66.6572,66.4183,35.04,54,8,8.59,RU,2022-06-03 22:46:26
552,Henties Bay,-22.116,14.2845,70.02,35,26,8.08,NA,2022-06-03 22:46:26
553,Pachmarhi,22.4667,78.4333,80.76,24,88,3.96,IN,2022-06-03 22:46:26
554,Saint-Louis,16.3333,-15.0,96.51,18,8,16.37,SN,2022-06-03 22:46:26
555,Marienburg,54.0359,19.0266,52.88,91,26,3.53,PL,2022-06-03 22:47:27
556,Soubre,5.7856,-6.6083,73.38,99,89,2.62,CI,2022-06-03 22:47:27
557,Sidi Ali,36.0998,0.4206,67.98,62,99,5.59,DZ,2022-06-03 22:47:27
558,Coahuayana,18.7333,-103.6833,83.98,60,42,7.36,MX,2022-06-03 22:47:28
559,Van,38.4924,43.3831,67.35,32,20,4.61,TR,2022-06-03 22:47:28
560,Ippy,6.2679,21.2247,70.9,94,100,4.07,CF,2022-06-03 22:47:28
561,Blackfoot,43.1905,-112.345,81.41,52,93,24.9,US,2022-06-03 22:47:29
562,Vanimo,-2.6741,141.3028,79.84,85,99,5.86,PG,2022-06-03 22:47:29
563,Port-Gentil,-0.7193,8.7815,75.16,94,20,5.75,GA,2022-06-03 22:47:29
564,Fereydunshahr,32.941,50.121,56.91,31,64,3.53,IR,2022-06-03 22:47:30
565,Sao Gabriel Da Cachoeira,-0.1303,-67.0892,72.9,98,99,2.62,BR,2022-06-03 22:47:30
566,Bonthe,7.5264,-12.505,78.71,86,58,7.7,SL,2022-06-03 22:47:30
567,Chumikan,54.7183,135.315,44.47,92,66,1.99,RU,2022-06-03 22:47:31
568,Vrangel,42.7297,133.0839,49.57,81,100,13.33,RU,2022-06-03 22:47:31
569,Tokur,53.1333,132.9,52.11,58,17,1.66,RU,2022-06-03 22:47:31
570,China,25.7,-99.2333,95.18,25,92,5.77,MX,2022-06-03 22:47:32
571,Chililabombwe,-12.3648,27.8229,49.73,82,5,5.99,ZM,2022-06-03 22:47:32
572,Acajutla,13.5928,-89.8275,78.78,86,100,4.56,SV,2022-06-03 22:47:32
573,Priargunsk,50.3691,119.1012,55.18,89,100,13.09,RU,2022-06-03 22:47:33
574,Pryluky,50.5932,32.3876,53.2,88,0,5.84,UA,2022-06-03 22:47:33
575,Belmonte,-15.8631,-38.8828,73.8,82,100,8.12,BR,2022-06-03 22:47:33
576,Zeya,53.75,127.2667,56.07,78,100,1.07,RU,2022-06-03 22:47:34
577,Matara,5.9485,80.5353,77.59,89,100,11.86,LK,2022-06-03 22:47:34
578,Dawlatabad,36.4141,64.9053,72.01,21,0,4.14,AF,2022-06-03 22:47:34
579,Kochevo,59.5994,54.3125,45.18,72,0,8.61,RU,2022-06-03 22:47:35
580,Heilbron,-27.2812,27.9709,45.95,40,0,2.17,ZA,2022-06-03 22:47:35
581,Kisangani,0.5167,25.2,71.08,94,99,1.72,CD,2022-06-03 22:47:35
582,Nizhniy Kuranakh,58.8353,125.4869,62.65,54,3,8.01,RU,2022-06-03 22:47:36
583,High Level,58.5169,-117.136,75.31,25,20,6.91,CA,2022-06-03 22:47:36
584,Seoul,37.5683,126.9778,70.99,74,75,5.75,KR,2022-06-03 22:47:36
585,Skoghall,59.3232,13.4655,50.56,89,40,3.44,SE,2022-06-03 22:47:37
586,Ariquemes,-9.9133,-63.0408,80.29,69,87,2.89,BR,2022-06-03 22:47:37
587,Rawah,34.4816,41.9093,89.83,14,71,5.61,IQ,2022-06-03 22:47:37
588,Coquimbo,-29.9533,-71.3436,58.73,62,0,8.05,CL,2022-06-03 22:43:16
589,Salinopolis,-0.6136,-47.3561,79.02,83,100,7.87,BR,2022-06-03 22:47:38
590,Saltillo,25.4167,-101.0,73.29,54,40,13.8,MX,2022-06-03 22:47:27
591,La Palma,33.8464,-118.0467,86.92,61,20,9.22,US,2022-06-03 22:47:38
592,Tabuk,17.4189,121.4443,78.35,83,70,2.59,PH,2022-06-03 22:47:38
593,Timizart,36.8,4.2667,65.57,91,99,4.97,DZ,2022-06-03 22:47:39
594,Goure,13.9835,10.2704,85.01,14,2,7.27,NE,2022-06-03 22:47:39
595,Jerome,42.7241,-114.5186,79.63,32,0,3.44,US,2022-06-03 22:47:39
596,San Luis,-33.295,-66.3356,47.08,56,84,11.23,AR,2022-06-03 22:47:40
597,Palmares,-8.6833,-35.5917,72.1,96,99,1.74,BR,2022-06-03 22:47:40
598,Tura,25.5198,90.2201,72.61,98,62,5.7,IN,2022-06-03 22:47:40
599,Alyangula,-13.8483,136.4192,80.01,78,100,10.78,AU,2022-06-03 22:45:23
600,Faanui,-16.4833,-151.75,78.17,77,81,6.73,PF,2022-06-03 22:47:41
601,Morehead,37.2711,-87.1764,80.35,29,0,6.91,US,2022-06-03 22:48:41
602,Mopti,14.6667,-4.0,93.63,24,70,7.94,ML,2022-06-03 22:48:42
603,Ampanihy,-24.7,44.75,61.9,82,1,8.14,MG,2022-06-03 22:48:42
604,Asyut,27.181,31.1837,82.58,24,24,5.68,EG,2022-06-03 22:47:37
605,Forli,44.2236,12.0528,72.43,93,84,3.24,IT,2022-06-03 22:48:42
606,Esperance,-33.8667,121.9,51.64,74,91,18.81,AU,2022-06-03 22:48:43
607,Zaranj,30.9667,61.8833,82.99,15,0,27.58,AF,2022-06-03 22:48:43
608,Santa Fe,-31.6333,-60.7,54.0,62,7,5.01,AR,2022-06-03 22:48:43
609,Zlitan,32.4674,14.5687,72.19,67,0,1.97,LY,2022-06-03 22:48:44
610,Half Moon Bay,37.4636,-122.4286,79.88,81,100,16.11,US,2022-06-03 22:48:44
611,Krasnoselkup,65.7,82.4667,40.8,93,100,16.44,RU,2022-06-03 22:48:44
612,Carahue,-38.7,-73.1667,50.04,94,100,3.87,CL,2022-06-03 22:48:45
613,Zaysan,47.4667,84.8667,54.19,46,60,4.5,KZ,2022-06-03 22:48:45
614,Harper,4.375,-7.7169,78.46,86,90,8.97,LR,2022-06-03 22:48:45
615,Kyren,51.6828,102.1408,46.78,68,1,1.05,RU,2022-06-03 22:48:46
616,Pokhara,28.2333,83.9833,71.53,45,94,8.12,NP,2022-06-03 22:48:46
617,Mitsamiouli,-11.3847,43.2844,79.16,72,49,6.17,KM,2022-06-03 22:48:46
618,Santa Isabel Do Rio Negro,-0.4139,-65.0192,75.24,96,81,0.83,BR,2022-06-03 22:48:47
619,Hailey,43.5196,-114.3153,77.88,31,0,21.99,US,2022-06-03 22:48:47
620,Hampton,37.0299,-76.3452,79.02,63,75,10.36,US,2022-06-03 22:48:47
621,Antalaha,-14.9003,50.2788,70.09,91,41,9.48,MG,2022-06-03 22:48:48
622,Kuryk,43.2,51.65,75.69,23,70,11.88,KZ,2022-06-03 22:48:48
623,Ketchikan,55.3422,-131.6461,66.67,55,100,8.05,US,2022-06-03 22:48:48
624,Akyab,20.15,92.9,80.64,85,100,6.69,MM,2022-06-03 22:48:49
625,Zhob,31.3411,69.4481,71.92,10,0,2.26,PK,2022-06-03 22:48:49
626,Vikramasingapuram,8.714,77.3893,78.15,82,84,6.69,IN,2022-06-03 22:48:49
627,Amapa,1.0,-52.0,73.6,90,94,2.37,BR,2022-06-03 22:48:50
628,Macheng,31.1783,115.0319,77.04,92,100,1.74,CN,2022-06-03 22:48:50
629,Lashio,22.9333,97.75,67.48,99,96,0.65,MM,2022-06-03 22:48:50
630,Oxford,51.7522,-1.256,61.18,67,0,11.5,GB,2022-06-03 22:48:50
631,Tual,-5.6667,132.75,83.3,71,44,4.76,ID,2022-06-03 22:48:51
632,Stornoway,58.2093,-6.3865,51.93,90,0,3.44,GB,2022-06-03 22:48:51
633,Norrtalje,59.758,18.705,54.01,96,31,4.79,SE,2022-06-03 22:48:51
634,Baker City,44.7749,-117.8344,62.31,67,100,13.8,US,2022-06-03 22:48:52
635,Marks,51.7111,46.7486,64.02,61,22,4.88,RU,2022-06-03 22:48:52
636,San Francisco,37.7749,-122.4194,77.99,77,75,16.11,US,2022-06-03 22:44:36
637,Lamar,33.6668,-95.5836,80.64,54,0,9.22,US,2022-06-03 22:48:53
638,Copiapo,-27.3667,-70.3333,58.69,29,93,0.89,CL,2022-06-03 22:48:48
639,Port Augusta,-32.5,137.7667,52.54,81,14,5.93,AU,2022-06-03 22:48:53
640,Broken Hill,-31.95,141.4333,49.86,76,62,16.24,AU,2022-06-03 22:48:53
641,Tongliao,43.6125,122.2653,68.68,77,100,11.14,CN,2022-06-03 22:48:54
642,General Cepeda,25.3833,-101.45,75.07,41,89,6.08,MX,2022-06-03 22:45:18
643,Kidal,18.4411,1.4078,93.4,10,15,10.8,ML,2022-06-03 22:48:54
644,Vredendal,-31.6683,18.5012,54.54,44,54,2.01,ZA,2022-06-03 22:48:54
645,Praya,14.9215,-23.5087,75.74,73,20,24.16,CV,2022-06-03 22:48:55
646,Thanh Hoa,19.8,105.7667,81.16,76,92,6.13,VN,2022-06-03 22:48:55
647,Furano,43.2818,142.4743,42.3,90,100,5.12,JP,2022-06-03 22:48:55
648,Mecca,21.4267,39.8261,90.64,22,0,4.74,SA,2022-06-03 22:49:56
649,Port Keats,-14.25,129.55,80.55,62,27,7.94,AU,2022-06-03 22:49:56
650,Sinjar,36.3209,41.8754,86.77,10,0,3.89,IQ,2022-06-03 22:49:56
651,Iskateley,67.6803,53.1512,36.28,59,15,10.74,RU,2022-06-03 22:49:57
652,Kikwit,-5.041,18.8162,73.81,54,15,2.66,CD,2022-06-03 22:49:57
653,Matay,28.419,30.7792,82.24,29,0,7.25,EG,2022-06-03 22:49:57
654,Mehkar,20.1508,76.569,86.22,32,89,14.65,IN,2022-06-03 22:49:58
655,Najran,17.4924,44.1277,81.25,29,6,1.61,SA,2022-06-03 22:49:58
656,Buala,-8.145,159.5921,84.2,71,82,8.9,SB,2022-06-03 22:49:58
657,Harnosand,62.6323,17.9379,55.42,74,87,16.93,SE,2022-06-03 22:49:59
658,Surgut,61.25,73.4167,33.98,100,75,15.99,RU,2022-06-03 22:46:33
659,Nimes,43.8333,4.35,70.99,78,0,5.75,FR,2022-06-03 22:49:59
660,Sao Jose Da Coroa Grande,-8.8978,-35.1478,75.88,87,78,4.36,BR,2022-06-03 22:49:59
661,Ca Mau,9.1769,105.15,77.67,90,95,2.89,VN,2022-06-03 22:50:00
662,Riyadh,24.6877,46.7219,82.54,11,0,2.46,SA,2022-06-03 22:47:39
663,Neiafu,-18.65,-173.9833,81.28,78,40,6.91,TO,2022-06-03 22:50:00
664,Svetlogorsk,52.6333,29.7333,50.95,81,5,3.58,BY,2022-06-03 22:50:01
665,Am Timan,11.0297,20.2827,78.6,61,99,9.57,TD,2022-06-03 22:50:01
666,Tanda,26.55,82.65,89.82,14,82,6.87,IN,2022-06-03 22:50:01
667,Calvinia,-31.4707,19.776,52.65,34,17,4.68,ZA,2022-06-03 22:50:02
668,Krasnaya Polyana,56.242,51.1442,61.88,96,100,1.9,RU,2022-06-03 22:50:02
669,Saint-Georges,12.0564,-61.7485,82.08,78,40,16.11,GD,2022-06-03 22:50:03
670,Phangnga,8.4509,98.5298,78.84,94,100,2.15,TH,2022-06-03 22:50:03
671,Hagersville,42.9668,-80.0497,70.11,75,74,5.23,CA,2022-06-03 22:45:20
672,Bilma,18.6853,12.9164,87.13,13,1,0.6,NE,2022-06-03 22:50:03
673,Porto Novo,6.4965,2.6036,81.16,80,100,7.7,BJ,2022-06-03 22:50:04
674,Dolores,-36.3132,-57.6792,41.67,66,64,7.09,AR,2022-06-03 22:50:04
675,Cam Ranh,11.9214,109.1591,78.76,83,20,3.44,VN,2022-06-03 22:50:04
676,Almaznyy,48.0448,40.045,65.98,63,60,6.38,RU,2022-06-03 22:50:05
677,Zapresic,45.8564,15.8078,71.8,80,100,3.94,HR,2022-06-03 22:50:05
678,Mariani,26.6667,94.3333,74.52,94,73,1.48,IN,2022-06-03 22:50:06
679,Lima,-12.0432,-77.0282,60.39,23,100,6.91,PE,2022-06-03 22:50:06
680,Satinka,52.3792,41.6819,56.91,95,100,9.93,RU,2022-06-03 22:50:06
681,Kattivakkam,13.2167,80.3167,86.09,81,35,15.68,IN,2022-06-03 22:50:07
682,Lam Luk Ka,13.9323,100.7494,84.0,97,20,0.0,TH,2022-06-03 22:50:07
683,Balykshi,47.0667,51.8667,60.8,51,0,8.95,KZ,2022-06-03 22:50:07
684,Yanam,16.7333,82.2167,82.53,80,92,4.5,IN,2022-06-03 22:50:08
685,Iwanai,42.9744,140.5089,51.8,82,99,4.41,JP,2022-06-03 22:50:08
686,Boguchany,58.3814,97.4531,38.16,69,59,10.76,RU,2022-06-03 22:50:08
687,Sabha,27.0377,14.4283,80.78,18,0,10.54,LY,2022-06-03 22:50:08
688,Ambovombe,-25.1667,46.0833,66.72,77,0,14.0,MG,2022-06-03 22:50:09
689,Santa Cruz,-17.8,-63.1667,66.25,52,75,3.44,BO,2022-06-03 22:50:09
690,Baracoa,20.3467,-74.4958,83.73,67,96,7.14,CU,2022-06-03 22:50:10
691,Sakaiminato,35.55,133.2333,66.18,72,40,13.8,JP,2022-06-03 22:50:10
692,Skibbereen,51.55,-9.2667,50.94,90,52,5.95,IE,2022-06-03 22:50:10
693,Tahta,26.7693,31.5021,85.41,22,100,3.49,EG,2022-06-03 22:50:11
694,Asau,46.4333,26.4,58.28,88,1,2.53,RO,2022-06-03 22:50:11
695,Bajil,15.0584,43.2851,87.22,47,6,4.16,YE,2022-06-03 22:50:11
696,Verkh-Chebula,56.0308,87.6218,35.08,68,7,3.22,RU,2022-06-03 22:51:12
697,Chipata,-13.6333,32.65,52.36,81,24,5.93,ZM,2022-06-03 22:51:12
698,Lata,40.1629,-8.3327,56.34,95,15,2.59,PT,2022-06-03 22:51:12
699,Kitimat,54.0524,-128.6534,61.18,89,100,4.14,CA,2022-06-03 22:51:13
700,Foumban,5.7291,10.9001,62.53,95,91,3.51,CM,2022-06-03 22:51:13
701,Staryy Nadym,65.6118,72.6842,31.59,77,100,26.73,RU,2022-06-03 22:51:13
702,Balkanabat,39.5108,54.3671,82.02,17,2,9.84,TM,2022-06-03 22:46:28
703,Tripoli,32.8752,13.1875,76.46,51,0,9.15,LY,2022-06-03 22:50:27
704,Bereda,43.2686,-7.5406,52.21,100,81,2.46,ES,2022-06-03 22:51:14
705,Bubaque,11.2833,-15.8333,79.99,83,6,13.49,GW,2022-06-03 22:51:14
706,Porto Uniao,-26.2381,-51.0783,52.21,92,81,3.51,BR,2022-06-03 22:51:15
707,Lethem,3.3803,-59.7968,77.04,84,89,8.3,GY,2022-06-03 22:51:15
708,Sukumo,32.9333,132.7333,72.9,70,56,4.79,JP,2022-06-03 22:51:15
